timestamp,zone,rainfall_15min_mm,rainfall_30min_mm,rainfall_60min_mm,rainfall_intensity_mm_hr,forecast_rainfall_mm_hr,water_level_cm,flow_rate_lps,drain_capacity_lps,blockage_pct,elevation_m,impervious_area_pct,catchment_area_ha,runoff_coefficient,effective_drain_capacity_lps,runoff_demand_lps,excess_runoff_lps,drain_saturation_pct,flood_next_30min
2026-01-01 00:00:00,Zone_7,3.95,7.5,10.72,37.54,41.65,16.44,34.36,52.66,13.75,14.17,88.48,14.54,0.812,45.42,34.49,0.0,75.64,0
2026-01-01 00:05:00,Zone_4,2.54,3.43,7.33,21.33,13.23,9.81,20.13,50.78,30.58,12.36,83.79,16.71,0.755,35.25,20.93,0.0,57.11,0
2026-01-01 00:10:00,Zone_5,6.53,7.66,9.38,77.92,61.87,6.42,58.1,85.2,31.51,4.09,76.5,14.26,0.721,58.35,62.36,4.01,99.57,0
2026-01-01 00:15:00,Zone_7,7.64,8.69,11.04,84.32,56.78,2.11,39.57,48.98,15.84,8.46,94.11,8.57,0.782,41.22,43.94,2.72,96.0,0
2026-01-01 00:20:00,Zone_3,12.75,13.69,29.76,85.87,72.81,2.0,51.45,115.88,18.25,4.14,79.28,9.39,0.799,94.73,50.09,0.0,54.32,0
2026-01-01 00:25:00,Zone_8,18.88,24.07,24.92,150.0,109.75,17.09,58.41,66.19,17.11,4.64,93.77,18.25,0.833,54.86,177.38,122.52,106.47,1
2026-01-01 00:30:00,Zone_5,14.49,18.02,19.91,150.0,90.4,15.54,15.7,134.23,40.82,9.55,47.87,3.29,0.541,79.44,20.77,0.0,19.76,0
2026-01-01 00:35:00,Zone_5,14.78,15.01,16.22,150.0,121.04,19.93,69.12,91.21,22.42,1.57,51.95,14.88,0.647,70.76,112.24,41.48,97.68,1
2026-01-01 00:40:00,Zone_7,18.12,18.35,23.42,150.0,92.05,26.84,88.51,87.4,4.37,14.57,67.57,19.23,0.708,83.58,158.76,75.18,105.9,1
2026-01-01 00:45:00,Zone_2,12.02,13.14,18.19,133.81,89.38,19.53,99.56,119.15,13.74,13.86,64.24,15.01,0.707,102.79,110.42,7.64,96.86,0
2026-01-01 00:50:00,Zone_3,12.97,13.17,14.38,150.0,102.02,21.96,105.81,112.75,6.99,6.33,84.14,19.9,0.754,104.87,175.01,70.14,100.9,1
2026-01-01 00:55:00,Zone_7,6.75,8.69,8.98,79.66,57.64,13.94,57.45,102.69,15.37,8.22,53.03,14.69,0.603,86.91,54.84,0.0,66.11,0
2026-01-01 01:00:00,Zone_3,10.74,11.05,11.09,115.98,84.94,5.1,21.38,133.84,37.65,7.53,93.8,3.58,0.795,83.45,25.69,0.0,25.62,0
2026-01-01 01:05:00,Zone_3,32.75,34.23,36.18,150.0,88.42,16.85,74.55,85.11,11.7,13.35,60.75,17.06,0.717,75.16,142.76,67.6,99.18,1
2026-01-01 01:10:00,Zone_8,21.01,21.02,22.87,150.0,106.05,12.8,61.68,121.81,24.07,10.64,66.45,7.84,0.667,92.5,61.02,0.0,66.68,0
2026-01-01 01:15:00,Zone_5,16.5,17.26,32.85,150.0,104.47,7.99,68.62,81.11,25.69,4.89,58.74,10.58,0.615,60.27,75.94,15.66,113.84,1
2026-01-01 01:20:00,Zone_4,8.81,11.07,13.29,101.94,66.26,3.96,38.25,124.64,16.19,7.26,73.97,8.31,0.7,104.47,46.12,0.0,36.61,0
2026-01-01 01:25:00,Zone_8,6.2,7.52,8.56,47.84,28.82,2.0,11.46,69.65,15.76,7.01,47.93,7.57,0.58,58.68,16.32,0.0,19.53,0
2026-01-01 01:30:00,Zone_8,4.69,12.35,20.11,23.11,5.32,2.0,11.56,72.48,44.31,14.43,52.48,10.33,0.659,40.36,12.24,0.0,28.63,0
2026-01-01 01:35:00,Zone_3,12.58,16.72,19.09,133.61,92.61,2.0,74.43,109.4,16.82,3.45,82.29,9.44,0.77,91.0,75.5,0.0,81.79,0
2026-01-01 01:40:00,Zone_6,9.07,9.96,13.16,90.18,50.69,3.08,29.13,65.21,50.27,2.25,54.33,13.77,0.659,32.43,63.6,31.17,89.83,0
2026-01-01 01:45:00,Zone_5,6.74,6.83,7.18,80.31,55.05,5.31,37.55,66.77,38.86,13.33,56.78,16.82,0.642,40.82,67.51,26.68,91.98,0
2026-01-01 01:50:00,Zone_2,12.09,15.83,17.51,113.32,72.44,8.28,42.71,74.0,43.94,13.55,84.65,8.05,0.768,41.49,54.48,12.99,102.95,0
2026-01-01 01:55:00,Zone_8,8.63,13.47,23.57,75.56,33.1,6.11,19.58,109.5,23.96,13.2,49.67,6.63,0.567,83.27,22.1,0.0,23.52,0
2026-01-01 02:00:00,Zone_4,6.38,9.81,12.93,71.12,35.03,2.0,56.44,129.49,13.69,8.15,66.87,14.34,0.732,111.76,58.07,0.0,50.5,0
2026-01-01 02:05:00,Zone_6,8.75,9.02,10.5,82.79,58.67,2.0,59.58,109.08,15.85,10.24,46.15,14.4,0.61,91.8,56.59,0.0,64.9,0
2026-01-01 02:10:00,Zone_6,4.69,17.03,20.47,51.88,27.43,2.0,53.85,123.64,18.26,8.89,62.34,18.32,0.694,101.07,51.32,0.0,53.28,0
2026-01-01 02:15:00,Zone_2,3.34,3.94,12.39,39.39,18.9,2.0,6.36,96.64,32.84,1.97,79.95,3.27,0.778,64.9,7.79,0.0,9.8,0
2026-01-01 02:20:00,Zone_8,10.74,13.32,14.44,124.85,71.99,8.28,38.24,51.55,15.61,9.34,49.51,17.5,0.576,43.5,97.93,54.43,87.89,0
2026-01-01 02:25:00,Zone_4,6.29,11.06,13.52,71.9,37.97,8.53,46.14,54.54,18.62,1.19,89.42,11.86,0.805,44.39,53.38,8.99,103.94,0
2026-01-01 02:30:00,Zone_5,6.52,7.06,18.21,70.86,65.77,3.13,59.59,97.67,25.67,5.55,90.47,13.56,0.835,72.6,62.41,0.0,82.09,0
2026-01-01 02:35:00,Zone_1,3.72,8.5,9.16,34.87,9.23,2.0,11.65,76.14,49.74,14.05,50.25,4.55,0.63,38.27,7.77,0.0,30.44,0
2026-01-01 02:40:00,Zone_4,3.61,4.35,8.8,30.53,37.52,2.0,21.6,65.95,24.62,5.26,94.54,10.35,0.827,49.71,20.34,0.0,43.45,0
2026-01-01 02:45:00,Zone_2,3.78,11.27,14.61,33.67,17.91,2.0,12.16,89.29,13.81,14.16,59.88,6.86,0.709,76.96,12.74,0.0,15.8,0
2026-01-01 02:50:00,Zone_6,6.64,7.3,11.29,74.03,40.28,2.64,27.12,108.32,13.91,4.5,49.21,7.32,0.612,93.25,25.8,0.0,29.08,0
2026-01-01 02:55:00,Zone_5,16.05,22.18,23.69,150.0,102.11,3.74,58.89,81.57,19.01,5.4,45.25,11.57,0.616,66.06,83.14,17.07,89.14,0
2026-01-01 03:00:00,Zone_4,11.1,11.21,12.53,116.51,76.37,5.63,72.33,121.24,42.86,9.8,65.43,16.81,0.683,69.27,104.07,34.8,104.41,0
2026-01-01 03:05:00,Zone_1,38.07,40.54,44.58,150.0,95.13,12.91,95.71,115.16,14.63,11.66,76.49,15.64,0.721,98.31,131.65,33.34,97.36,1
2026-01-01 03:10:00,Zone_1,24.86,26.38,27.23,150.0,100.14,14.13,83.96,114.82,25.83,8.02,61.61,13.05,0.687,85.16,104.59,19.43,98.59,1
2026-01-01 03:15:00,Zone_3,22.3,23.6,25.5,150.0,97.95,13.33,77.16,138.59,41.91,13.35,86.84,12.17,0.806,80.5,114.47,33.96,95.85,1
2026-01-01 03:20:00,Zone_3,11.28,11.79,12.52,110.64,69.33,12.54,50.66,73.05,28.51,1.56,80.83,10.26,0.765,52.22,67.53,15.31,97.02,0
2026-01-01 03:25:00,Zone_7,13.25,15.69,15.72,123.86,91.74,11.9,72.85,106.25,34.64,13.91,62.51,19.54,0.637,69.44,119.92,50.48,104.9,1
2026-01-01 03:30:00,Zone_2,9.63,10.06,22.34,103.31,49.79,5.29,78.58,126.27,1.43,3.75,81.72,12.52,0.789,124.47,79.39,0.0,63.13,0
2026-01-01 03:35:00,Zone_8,10.64,12.25,14.23,125.16,70.38,2.3,44.89,100.05,52.94,13.38,92.02,7.32,0.786,47.08,56.01,8.93,95.34,0
2026-01-01 03:40:00,Zone_4,16.13,16.72,28.92,150.0,88.04,2.5,52.17,120.0,27.6,6.61,49.65,6.91,0.622,86.88,50.12,0.0,60.05,0
2026-01-01 03:45:00,Zone_4,8.5,14.73,15.26,97.83,50.9,2.0,63.97,84.37,6.8,12.66,60.31,13.39,0.619,78.63,63.04,0.0,81.36,0
2026-01-01 03:50:00,Zone_8,5.44,5.5,8.6,54.8,36.65,2.0,38.38,101.1,33.49,10.4,68.17,11.89,0.665,67.24,33.71,0.0,57.07,0
2026-01-01 03:55:00,Zone_7,4.17,4.62,5.41,48.89,37.84,2.0,2.38,50.29,41.62,3.46,69.9,3.13,0.708,29.36,8.43,0.0,8.12,0
2026-01-01 04:00:00,Zone_6,7.06,7.61,13.08,53.31,11.1,2.0,50.27,138.65,31.45,13.85,72.11,17.11,0.728,95.04,51.65,0.0,52.89,0
2026-01-01 04:05:00,Zone_6,7.52,8.59,13.95,87.86,51.42,2.0,62.9,121.0,5.61,4.44,60.03,14.97,0.657,114.21,67.18,0.0,55.07,0
2026-01-01 04:10:00,Zone_7,7.15,7.68,8.1,43.84,24.63,2.0,38.97,127.54,54.7,4.42,78.36,14.25,0.726,57.77,35.28,0.0,67.46,0
2026-01-01 04:15:00,Zone_6,9.05,10.4,18.91,72.65,43.8,2.0,14.26,110.96,4.75,12.4,77.25,4.17,0.77,105.69,18.13,0.0,13.49,0
2026-01-01 04:20:00,Zone_3,30.75,34.87,35.63,150.0,82.08,12.76,43.57,62.67,30.67,2.48,73.89,9.15,0.724,43.45,77.29,33.84,100.28,1
2026-01-01 04:25:00,Zone_4,19.38,21.87,25.19,150.0,93.74,15.64,37.52,47.95,11.8,4.11,50.69,18.9,0.609,42.29,134.35,92.06,88.73,1
2026-01-01 04:30:00,Zone_7,12.24,13.97,28.82,129.47,73.22,11.11,115.14,127.14,6.39,8.05,68.85,17.66,0.69,119.01,122.65,3.63,96.74,0
2026-01-01 04:35:00,Zone_4,8.39,8.57,16.06,71.39,42.39,5.38,25.03,82.65,4.13,12.63,62.81,7.85,0.642,79.23,28.01,0.0,31.59,0
2026-01-01 04:40:00,Zone_8,32.56,34.93,45.91,150.0,76.86,5.81,48.37,70.07,21.41,3.06,69.55,5.67,0.732,55.06,48.39,0.0,87.85,0
2026-01-01 04:45:00,Zone_1,18.83,19.2,20.67,150.0,93.57,2.77,89.91,98.36,13.03,8.67,91.09,10.63,0.786,85.54,97.54,12.0,105.11,0
2026-01-01 04:50:00,Zone_3,8.42,11.51,11.9,89.84,49.77,2.0,42.9,84.99,10.79,10.96,69.03,9.05,0.746,75.82,47.18,0.0,56.58,0
2026-01-01 04:55:00,Zone_5,8.07,8.64,9.38,45.9,26.68,2.0,25.44,106.91,27.88,13.05,45.7,14.6,0.554,77.1,28.86,0.0,33.0,0
2026-01-01 05:00:00,Zone_3,47.59,48.66,51.09,150.0,101.11,14.26,74.42,90.96,18.52,14.1,66.94,19.43,0.694,74.11,157.4,83.29,100.42,1
2026-01-01 05:05:00,Zone_7,30.14,31.0,36.52,150.0,96.96,17.01,83.24,111.24,10.96,11.98,86.03,9.17,0.782,99.04,83.7,0.0,84.04,0
2026-01-01 05:10:00,Zone_5,20.32,24.24,24.81,150.0,107.02,13.49,32.48,126.08,7.37,10.14,84.0,4.06,0.767,116.78,36.29,0.0,27.81,0
2026-01-01 05:15:00,Zone_1,13.03,13.3,17.07,125.28,77.1,21.69,45.29,63.58,25.03,7.07,70.67,18.26,0.724,47.66,128.78,81.12,95.04,1
2026-01-01 05:20:00,Zone_7,8.39,10.05,11.42,86.07,63.37,15.8,11.59,76.3,6.17,2.57,57.49,3.65,0.661,71.59,16.13,0.0,16.19,0
2026-01-01 05:25:00,Zone_2,14.84,15.14,16.61,150.0,111.0,25.5,72.86,86.5,12.31,10.94,68.25,19.2,0.707,75.85,158.42,82.57,96.06,1
2026-01-01 05:30:00,Zone_4,16.57,19.01,22.8,150.0,100.79,22.55,109.54,136.4,15.87,14.9,73.19,14.3,0.684,114.76,114.1,0.0,95.46,1
2026-01-01 05:35:00,Zone_1,15.62,20.33,22.53,125.48,81.31,28.87,43.82,79.71,45.09,11.31,94.99,19.01,0.79,43.76,146.53,102.76,100.13,1
2026-01-01 05:40:00,Zone_4,8.81,9.95,15.8,80.57,57.35,22.17,29.94,81.2,44.11,1.23,77.21,6.39,0.699,45.39,28.01,0.0,65.97,0
2026-01-01 05:45:00,Zone_6,6.28,7.61,8.21,45.3,33.16,17.02,1.68,107.08,14.07,7.95,79.71,3.69,0.741,92.01,9.64,0.0,1.83,0
2026-01-01 05:50:00,Zone_2,5.36,10.61,16.07,63.72,53.43,16.36,41.22,84.82,50.79,9.61,69.57,11.3,0.761,41.74,42.64,0.9,98.77,0
2026-01-01 05:55:00,Zone_2,3.99,5.46,5.69,36.51,33.26,8.76,13.14,135.37,32.86,10.66,62.72,10.66,0.662,90.89,20.05,0.0,14.45,0
2026-01-01 06:00:00,Zone_1,5.39,6.73,7.49,45.99,39.56,2.11,26.01,129.97,44.35,11.08,85.65,8.64,0.841,72.33,25.99,0.0,35.95,0
2026-01-01 06:05:00,Zone_2,5.41,7.14,10.88,33.07,22.02,2.0,39.38,93.77,20.78,8.81,69.75,19.28,0.698,74.29,34.6,0.0,53.0,0
2026-01-01 06:10:00,Zone_5,3.88,6.21,12.97,45.61,33.74,2.0,48.87,106.25,12.9,4.13,94.73,16.98,0.828,92.54,49.91,0.0,52.8,0
2026-01-01 06:15:00,Zone_2,6.48,6.71,7.73,43.33,32.04,2.0,34.72,50.51,16.05,14.19,67.86,14.25,0.707,42.4,33.95,0.0,81.88,0
2026-01-01 06:20:00,Zone_4,5.35,8.79,10.18,49.86,17.92,2.0,15.26,111.09,3.57,10.75,48.4,5.77,0.583,107.13,13.05,0.0,14.24,0
2026-01-01 06:25:00,Zone_4,8.83,9.98,12.67,102.04,79.16,2.0,91.87,112.18,18.55,4.32,79.13,15.48,0.752,91.37,92.47,1.09,100.54,0
2026-01-01 06:30:00,Zone_7,4.98,5.13,5.97,52.95,14.38,2.0,36.38,79.12,13.33,5.51,47.33,15.36,0.536,68.58,33.88,0.0,53.05,0
2026-01-01 06:35:00,Zone_4,4.41,7.5,13.33,47.01,39.1,2.0,24.15,65.87,21.52,13.91,57.53,10.23,0.611,51.69,22.84,0.0,46.71,0
2026-01-01 06:40:00,Zone_7,4.53,5.47,10.67,40.7,29.66,2.0,34.06,131.93,5.97,13.42,62.69,18.72,0.613,124.06,36.32,0.0,27.46,0
2026-01-01 06:45:00,Zone_4,5.96,6.18,6.73,70.62,42.49,2.0,27.0,85.54,29.71,6.67,81.97,5.84,0.782,60.13,25.07,0.0,44.9,0
2026-01-01 06:50:00,Zone_5,32.27,34.28,36.46,150.0,102.19,2.0,62.36,107.1,12.5,1.54,69.71,7.54,0.658,93.72,57.89,0.0,66.54,0
2026-01-01 06:55:00,Zone_8,19.29,23.53,28.75,150.0,102.52,2.97,31.14,48.17,17.12,1.68,46.43,4.07,0.625,39.92,29.69,0.0,78.01,0
2026-01-01 07:00:00,Zone_7,19.31,23.68,25.12,150.0,81.81,5.05,69.3,84.34,16.84,4.97,75.84,16.52,0.74,70.14,142.63,72.49,98.81,1
2026-01-01 07:05:00,Zone_3,63.3,69.63,73.14,150.0,114.49,18.31,74.39,122.64,33.92,9.81,65.57,13.57,0.707,81.04,111.87,30.84,91.8,1
2026-01-01 07:10:00,Zone_6,96.12,100.17,100.35,150.0,98.37,29.16,64.65,81.82,15.4,9.18,91.09,8.35,0.786,69.22,76.61,7.39,93.39,1
2026-01-01 07:15:00,Zone_1,47.67,47.68,50.96,150.0,125.28,27.41,42.8,102.3,8.33,9.87,69.98,5.78,0.666,93.78,44.96,0.0,45.65,0
2026-01-01 07:20:00,Zone_4,29.9,30.85,31.43,150.0,106.98,25.08,28.57,64.94,28.8,11.04,80.45,3.68,0.742,46.24,31.87,0.0,61.8,0
2026-01-01 07:25:00,Zone_2,14.74,18.16,24.37,150.0,98.09,22.91,44.55,84.57,37.22,1.27,55.94,5.83,0.662,53.1,45.04,0.0,83.9,0
2026-01-01 07:30:00,Zone_8,22.34,23.26,24.79,150.0,89.22,13.61,100.72,133.13,9.98,2.47,83.05,10.71,0.829,119.84,103.51,0.0,84.05,0
2026-01-01 07:35:00,Zone_4,24.98,26.82,27.98,150.0,96.17,9.4,67.34,98.81,30.52,6.03,81.05,7.2,0.77,68.65,64.74,0.0,98.09,0
2026-01-01 07:40:00,Zone_2,12.24,14.1,20.54,144.72,95.87,2.57,62.26,130.68,1.21,3.17,90.2,7.4,0.762,129.11,63.46,0.0,48.22,0
2026-01-01 07:45:00,Zone_6,6.33,7.24,7.42,72.95,65.0,2.0,52.9,130.69,31.68,2.05,46.69,17.88,0.554,89.29,56.25,0.0,59.25,0
2026-01-01 07:50:00,Zone_6,4.98,9.68,11.45,49.44,46.85,2.0,26.27,134.69,16.7,9.97,67.38,11.76,0.642,112.2,29.03,0.0,23.41,0
2026-01-01 07:55:00,Zone_6,7.93,9.33,10.95,86.12,61.39,2.0,76.62,130.06,9.4,12.41,78.96,15.4,0.741,117.84,76.41,0.0,65.02,0
2026-01-01 08:00:00,Zone_2,19.82,21.07,22.24,150.0,118.73,9.09,20.97,45.31,50.87,11.54,49.76,3.61,0.59,22.26,24.85,2.59,94.2,0
2026-01-01 08:05:00,Zone_4,16.3,28.29,36.79,150.0,73.31,7.84,72.48,133.73,35.62,12.44,65.53,9.21,0.674,86.09,72.36,0.0,84.19,0
2026-01-01 08:10:00,Zone_6,9.79,11.15,16.01,108.59,76.14,11.83,41.03,58.06,26.6,10.32,92.11,11.15,0.778,42.62,73.27,30.65,96.26,0
2026-01-01 08:15:00,Zone_5,4.58,4.97,5.2,51.54,48.57,6.89,21.2,48.79,13.7,11.29,66.8,6.17,0.649,42.11,16.04,0.0,50.34,0
2026-01-01 08:20:00,Zone_7,15.47,16.91,21.3,150.0,104.07,14.34,43.65,50.26,16.6,4.8,94.27,5.04,0.824,41.92,48.49,6.57,104.13,1
2026-01-01 08:25:00,Zone_2,8.26,11.63,14.25,83.71,38.42,12.78,43.19,78.15,40.23,14.9,47.84,17.8,0.604,46.71,69.95,23.24,92.48,0
2026-01-01 08:30:00,Zone_2,5.27,8.27,16.36,53.34,51.34,6.15,50.74,103.98,37.55,3.56,80.89,18.97,0.719,64.93,56.58,0.0,78.15,0
2026-01-01 08:35:00,Zone_4,11.74,14.85,16.16,127.83,92.23,6.08,30.61,83.22,28.55,4.0,74.05,4.34,0.734,59.46,31.69,0.0,51.48,0
2026-01-01 08:40:00,Zone_2,10.5,12.97,15.95,122.68,83.86,9.32,29.02,47.43,30.22,5.04,70.03,8.93,0.729,33.09,62.1,29.01,87.69,0
2026-01-01 08:45:00,Zone_2,9.84,10.43,12.86,98.57,65.13,6.22,74.16,90.27,10.3,14.65,93.54,19.29,0.748,80.97,110.59,29.62,91.6,0
2026-01-01 08:50:00,Zone_6,8.44,12.4,14.75,66.77,67.32,9.02,16.92,87.0,12.7,14.84,51.48,4.41,0.655,75.95,15.01,0.0,22.28,0
2026-01-01 08:55:00,Zone_4,6.27,10.74,12.87,69.81,50.71,6.54,62.05,116.9,22.31,12.13,89.8,13.94,0.82,90.82,62.08,0.0,68.32,0
2026-01-01 09:00:00,Zone_6,4.03,4.47,5.27,36.23,20.65,2.67,46.1,71.56,10.96,9.81,79.56,19.53,0.776,63.72,42.73,0.0,72.35,0
2026-01-01 09:05:00,Zone_7,14.3,14.58,19.51,104.82,58.4,14.94,48.19,65.67,24.77,8.28,57.95,19.63,0.609,49.4,97.48,48.08,97.55,0
2026-01-01 09:10:00,Zone_8,7.36,14.79,16.89,81.01,61.75,13.06,56.52,69.31,7.59,14.59,90.08,11.01,0.824,64.06,57.17,0.0,88.23,0
2026-01-01 09:15:00,Zone_7,4.8,8.86,20.0,41.39,38.74,8.91,9.34,73.86,23.0,10.74,66.46,5.77,0.709,56.87,13.17,0.0,16.43,0
2026-01-01 09:20:00,Zone_8,11.14,15.62,16.67,131.99,86.47,12.35,48.27,101.92,29.01,14.23,85.71,6.44,0.759,72.35,50.14,0.0,66.71,0
2026-01-01 09:25:00,Zone_6,12.12,16.47,20.49,128.64,76.93,21.85,39.88,89.79,48.56,5.43,64.44,18.12,0.696,46.19,126.14,79.95,86.35,1
2026-01-01 09:30:00,Zone_7,6.77,8.33,18.22,79.5,67.64,21.1,68.14,77.0,13.84,5.67,87.55,18.5,0.784,66.35,89.63,23.29,102.7,0
2026-01-01 09:35:00,Zone_4,21.56,23.64,27.45,150.0,86.85,24.87,49.3,80.56,32.54,12.97,76.83,13.33,0.716,54.34,111.33,56.98,90.73,1
2026-01-01 09:40:00,Zone_1,30.27,31.85,39.03,150.0,121.13,33.74,40.4,80.24,49.46,3.1,52.05,16.02,0.604,40.55,112.99,72.44,99.63,1
2026-01-01 09:45:00,Zone_6,17.35,17.46,23.61,150.0,88.69,28.19,105.91,137.38,20.79,14.24,77.48,15.58,0.742,108.82,134.95,26.12,97.32,1
2026-01-01 09:50:00,Zone_8,33.02,35.76,37.32,150.0,82.16,37.98,52.01,67.13,22.73,8.1,54.57,14.25,0.614,51.88,102.04,50.17,100.25,1
2026-01-01 09:55:00,Zone_5,19.45,20.86,24.07,150.0,83.7,33.88,75.45,122.72,37.35,13.97,65.6,17.06,0.654,76.88,130.24,53.36,98.13,1
2026-01-01 10:00:00,Zone_8,42.61,44.69,45.29,150.0,84.18,41.42,67.22,112.28,35.3,5.72,53.51,14.65,0.629,72.64,107.58,34.94,92.54,1
2026-01-01 10:05:00,Zone_5,22.46,23.86,26.54,150.0,94.66,41.19,35.85,45.53,17.42,11.02,46.1,12.08,0.597,37.6,84.17,46.57,95.35,1
2026-01-01 10:10:00,Zone_2,18.35,19.7,20.62,150.0,91.88,33.11,55.65,139.35,25.08,7.76,55.59,7.03,0.632,104.4,51.85,0.0,53.31,0
2026-01-01 10:15:00,Zone_7,14.07,14.45,19.21,150.0,109.8,26.35,100.48,116.86,10.11,9.78,71.82,15.65,0.661,105.05,120.58,15.53,95.65,1
2026-01-01 10:20:00,Zone_5,12.05,12.71,15.34,96.39,73.24,19.17,59.62,109.83,29.88,8.06,69.08,11.05,0.678,77.02,56.15,0.0,77.41,0
2026-01-01 10:25:00,Zone_8,7.44,7.79,9.64,73.55,45.13,15.62,32.92,83.51,7.0,14.54,70.07,8.01,0.675,77.66,30.94,0.0,42.39,0
2026-01-01 10:30:00,Zone_2,41.79,42.23,43.32,150.0,134.74,21.04,88.93,97.74,7.6,10.69,57.38,16.63,0.689,90.32,133.67,43.36,98.46,1
2026-01-01 10:35:00,Zone_1,23.26,30.48,53.74,150.0,94.66,27.08,47.9,69.06,25.95,4.52,79.26,14.84,0.75,51.14,129.86,78.72,93.66,1
2026-01-01 10:40:00,Zone_4,20.76,21.09,21.35,150.0,96.26,40.2,41.75,48.37,13.66,13.74,80.21,18.93,0.743,41.76,164.06,122.29,99.96,1
2026-01-01 10:45:00,Zone_4,15.73,16.36,16.51,150.0,82.17,28.85,42.39,124.42,2.7,5.12,62.9,5.81,0.648,121.06,43.92,0.0,35.02,0
2026-01-01 10:50:00,Zone_4,9.45,11.23,12.09,108.39,69.48,23.69,74.23,130.17,44.41,6.2,89.06,14.04,0.792,72.36,93.66,21.3,102.58,0
2026-01-01 10:55:00,Zone_5,5.3,7.18,19.58,50.72,36.54,14.2,17.54,60.43,14.26,2.43,77.2,7.15,0.759,51.82,21.4,0.0,33.85,0
2026-01-01 11:00:00,Zone_1,3.39,3.72,17.28,32.03,6.61,5.71,32.87,119.77,15.84,13.6,80.65,18.36,0.698,100.8,31.94,0.0,32.61,0
2026-01-01 11:05:00,Zone_5,10.22,13.37,17.1,111.87,66.73,2.61,26.67,115.41,17.28,5.01,58.87,4.69,0.651,95.47,26.58,0.0,27.94,0
2026-01-01 11:10:00,Zone_7,12.05,15.12,22.55,73.58,51.75,2.0,46.35,61.95,6.22,4.62,45.03,14.15,0.56,58.09,45.36,0.0,79.79,0
2026-01-01 11:15:00,Zone_5,3.82,4.36,5.21,38.09,18.46,3.38,41.34,85.07,11.63,13.88,88.27,16.45,0.804,75.18,39.19,0.0,54.99,0
2026-01-01 11:20:00,Zone_1,2.51,3.19,15.71,19.31,3.74,7.6,8.25,85.16,28.29,12.28,86.12,9.03,0.805,61.07,10.92,0.0,13.51,0
2026-01-01 11:25:00,Zone_1,1.34,6.9,7.44,13.52,18.17,2.0,9.16,117.2,25.87,2.98,51.16,19.22,0.585,86.87,11.82,0.0,10.54,0
2026-01-01 11:30:00,Zone_7,1.84,5.33,5.7,21.17,0.0,2.0,18.68,124.58,15.48,11.77,63.71,17.46,0.627,105.3,18.04,0.0,17.74,0
2026-01-01 11:35:00,Zone_1,4.15,6.55,6.96,22.98,1.88,3.14,13.36,54.0,14.82,13.78,78.07,8.01,0.731,46.0,10.46,0.0,29.04,0
2026-01-01 11:40:00,Zone_8,2.46,2.63,5.61,14.3,11.42,2.0,1.95,98.48,5.18,2.1,77.61,3.13,0.777,93.38,2.7,0.0,2.09,0
2026-01-01 11:45:00,Zone_1,2.86,3.95,9.26,8.6,15.74,2.0,8.7,117.37,17.53,12.55,88.02,8.04,0.815,96.79,4.38,0.0,8.99,0
2026-01-01 11:50:00,Zone_4,42.02,43.66,45.26,150.0,101.17,3.85,53.46,119.69,7.07,8.66,52.01,7.78,0.599,111.22,54.36,0.0,48.07,0
2026-01-01 11:55:00,Zone_8,49.99,50.41,63.75,150.0,94.81,22.67,30.36,59.06,43.86,10.37,66.5,18.13,0.663,33.16,140.32,107.17,91.56,1
2026-01-01 12:00:00,Zone_8,23.37,24.56,26.56,150.0,93.84,23.49,88.24,94.92,6.61,7.9,49.86,19.44,0.583,88.65,132.12,43.47,99.54,1
2026-01-01 12:05:00,Zone_7,12.6,14.44,15.01,146.56,107.39,17.18,28.67,126.47,7.03,10.77,64.48,4.2,0.633,117.57,30.31,0.0,24.39,0
2026-01-01 12:10:00,Zone_3,8.65,9.44,11.64,103.58,77.63,15.1,38.47,75.26,45.67,1.48,45.76,11.01,0.602,40.89,53.43,12.55,94.08,0
2026-01-01 12:15:00,Zone_3,12.84,15.88,19.86,150.0,98.1,22.03,63.5,85.39,25.04,11.68,89.91,12.32,0.829,64.0,119.11,55.11,99.22,1
2026-01-01 12:20:00,Zone_1,6.95,10.62,16.87,76.71,46.53,10.51,21.79,121.41,14.6,1.47,71.35,4.58,0.695,103.68,18.99,0.0,21.01,0
2026-01-01 12:25:00,Zone_8,5.08,5.87,8.02,58.78,38.63,11.25,34.16,53.49,20.37,7.37,87.49,9.42,0.772,42.59,33.26,0.0,80.22,0
2026-01-01 12:30:00,Zone_3,9.85,13.5,16.65,41.52,18.26,2.0,15.74,126.65,38.72,3.11,48.0,8.39,0.569,77.61,15.42,0.0,20.29,0
2026-01-01 12:35:00,Zone_3,5.71,5.93,7.02,61.88,38.42,2.0,41.82,74.56,17.29,12.53,56.37,12.11,0.618,61.67,36.05,0.0,67.81,0
2026-01-01 12:40:00,Zone_1,5.81,9.44,13.08,67.17,37.78,2.24,29.77,45.14,37.43,5.39,57.97,14.24,0.618,28.24,45.96,17.71,105.4,0
2026-01-01 12:45:00,Zone_3,11.43,11.76,26.69,133.11,85.31,2.84,48.19,67.25,25.34,7.36,64.33,14.96,0.667,50.21,103.3,53.1,95.98,0
2026-01-01 12:50:00,Zone_5,9.06,9.23,9.41,92.77,54.85,2.0,34.02,53.5,32.49,7.0,85.14,5.32,0.799,36.12,30.71,0.0,94.17,0
2026-01-01 12:55:00,Zone_2,6.29,8.35,15.96,74.32,54.6,2.0,47.58,53.78,8.36,11.82,64.33,16.82,0.692,49.28,67.3,18.02,96.54,0
2026-01-01 13:00:00,Zone_7,6.21,7.48,10.37,38.77,35.02,2.0,28.15,110.82,28.16,7.74,55.23,14.54,0.601,79.61,26.34,0.0,35.36,0
2026-01-01 13:05:00,Zone_2,7.44,12.21,13.23,30.71,15.4,2.0,27.4,65.33,8.67,12.05,48.25,18.11,0.596,59.66,25.78,0.0,45.92,0
2026-01-01 13:10:00,Zone_1,2.71,3.62,14.46,27.45,8.1,2.0,13.96,133.8,46.0,2.03,48.97,10.64,0.614,72.25,13.95,0.0,19.32,0
2026-01-01 13:15:00,Zone_4,5.39,6.06,8.37,53.87,43.55,2.64,54.0,94.06,26.59,3.68,83.0,18.2,0.737,69.05,56.17,0.0,78.21,0
2026-01-01 13:20:00,Zone_7,35.2,36.59,38.0,150.0,99.72,8.24,75.35,88.71,13.23,8.72,67.24,17.72,0.69,76.97,142.72,65.75,97.89,1
2026-01-01 13:25:00,Zone_1,25.1,26.32,27.02,150.0,93.1,10.92,77.44,86.26,6.71,14.26,81.31,10.45,0.793,80.47,96.7,16.23,96.23,0
2026-01-01 13:30:00,Zone_8,21.69,22.53,23.51,150.0,114.01,6.8,76.15,110.8,30.59,2.05,79.11,9.48,0.738,76.9,81.64,4.74,99.03,0
2026-01-01 13:35:00,Zone_4,13.45,15.82,22.08,150.0,90.72,4.7,81.95,87.96,6.41,1.6,51.77,18.86,0.548,82.33,120.63,38.3,99.54,1
2026-01-01 13:40:00,Zone_2,8.78,11.63,14.97,101.21,41.87,3.11,40.12,57.22,17.9,3.19,52.14,15.16,0.535,46.97,63.86,16.89,85.41,0
2026-01-01 13:45:00,Zone_1,11.78,15.61,24.17,122.24,70.96,5.73,96.6,128.62,24.16,9.98,82.77,18.78,0.773,97.54,138.05,40.52,99.04,0
2026-01-01 13:50:00,Zone_8,12.45,19.67,20.59,139.76,110.27,8.26,70.18,85.7,26.88,6.59,81.06,16.55,0.759,62.66,136.45,73.79,112.01,1
2026-01-01 13:55:00,Zone_7,36.79,37.41,37.86,150.0,93.69,21.22,32.61,52.03,34.19,12.56,63.9,13.36,0.675,34.24,105.22,70.97,95.22,1
2026-01-01 14:00:00,Zone_7,19.47,21.98,22.0,150.0,91.31,15.08,38.28,95.29,26.33,2.01,48.87,4.97,0.609,70.2,35.31,0.0,54.53,0
2026-01-01 14:05:00,Zone_6,9.89,10.89,13.37,103.7,67.72,8.76,36.47,106.5,38.23,3.75,45.6,7.96,0.534,65.79,34.24,0.0,55.43,0
2026-01-01 14:10:00,Zone_8,10.13,12.39,34.73,86.37,68.28,11.87,42.14,71.18,32.53,5.2,59.41,19.47,0.623,48.03,81.47,33.44,87.74,0
2026-01-01 14:15:00,Zone_5,3.65,4.94,9.1,41.58,26.03,11.71,17.58,121.03,18.65,9.77,45.46,8.43,0.59,98.46,16.08,0.0,17.85,0
2026-01-01 14:20:00,Zone_3,4.34,14.5,15.79,24.39,22.95,4.2,3.17,108.63,36.29,10.59,56.5,4.59,0.655,69.21,5.69,0.0,4.58,0
2026-01-01 14:25:00,Zone_4,4.53,7.14,14.47,34.24,19.98,2.0,26.31,106.78,9.7,2.74,65.98,15.03,0.672,96.43,26.9,0.0,27.28,0
2026-01-01 14:30:00,Zone_8,5.88,11.97,17.3,68.37,51.63,2.0,41.91,84.98,14.26,14.21,51.07,15.48,0.562,72.86,46.29,0.0,57.52,0
2026-01-01 14:35:00,Zone_6,5.13,8.73,8.78,40.16,28.27,2.0,16.32,136.38,16.55,5.77,50.21,7.85,0.611,113.82,15.0,0.0,14.34,0
2026-01-01 14:40:00,Zone_3,3.42,8.08,14.02,30.55,15.08,2.95,14.31,71.05,38.09,10.98,89.82,8.06,0.801,43.99,15.33,0.0,32.53,0
2026-01-01 14:45:00,Zone_3,13.3,16.67,17.92,107.41,72.92,2.0,67.24,99.88,5.54,8.34,74.27,10.97,0.69,94.35,63.21,0.0,71.27,0
2026-01-01 14:50:00,Zone_1,6.07,7.3,7.87,70.09,39.05,2.0,9.68,74.36,24.79,4.12,91.72,3.37,0.749,55.93,13.76,0.0,17.32,0
2026-01-01 14:55:00,Zone_3,52.2,52.78,53.68,150.0,80.96,7.71,113.95,115.76,1.95,12.85,62.29,16.42,0.679,113.5,129.98,16.49,100.4,0
2026-01-01 15:00:00,Zone_5,26.51,27.43,29.65,150.0,97.26,17.37,42.06,49.54,15.96,12.46,78.86,8.39,0.726,41.63,71.04,29.41,101.04,1
2026-01-01 15:05:00,Zone_7,18.51,18.56,20.49,150.0,82.03,27.89,43.53,49.36,4.69,6.55,55.23,17.51,0.632,47.04,129.09,82.05,92.53,1
2026-01-01 15:10:00,Zone_6,7.78,9.26,10.45,86.1,63.13,17.57,71.42,122.03,36.4,9.24,75.92,16.64,0.734,77.61,81.82,4.21,92.03,0
2026-01-01 15:15:00,Zone_3,8.51,9.92,10.58,43.22,27.64,11.05,26.56,86.26,20.74,4.61,51.48,14.24,0.573,68.36,27.43,0.0,38.86,0
2026-01-01 15:20:00,Zone_1,5.67,7.16,12.19,26.35,34.21,10.71,10.98,77.41,36.02,10.66,45.1,8.52,0.588,49.53,10.27,0.0,22.18,0
2026-01-01 15:25:00,Zone_5,4.83,12.13,28.29,52.26,30.01,10.64,34.24,102.72,28.68,5.33,91.58,11.78,0.782,73.26,37.44,0.0,46.75,0
2026-01-01 15:30:00,Zone_2,22.83,27.68,32.94,150.0,97.26,8.1,79.57,111.68,9.52,12.82,72.74,10.56,0.669,101.05,82.42,0.0,78.75,0
2026-01-01 15:35:00,Zone_7,24.72,25.07,26.3,150.0,79.86,8.88,58.82,64.11,11.11,4.04,91.35,8.76,0.758,56.99,77.48,20.49,103.21,0
2026-01-01 15:40:00,Zone_7,9.04,9.96,10.95,103.27,53.88,17.11,42.95,62.62,26.19,1.21,61.69,17.42,0.658,46.22,92.11,45.89,92.93,0
2026-01-01 15:45:00,Zone_6,11.21,12.31,13.17,124.13,60.54,10.3,78.08,136.02,19.72,4.76,61.39,11.22,0.705,109.2,76.34,0.0,71.51,0
2026-01-01 15:50:00,Zone_7,8.44,9.33,9.84,88.01,70.14,3.57,83.09,101.02,14.36,3.67,65.03,17.16,0.676,86.52,79.44,0.0,96.04,0
2026-01-01 15:55:00,Zone_3,6.4,9.6,12.41,70.5,40.31,2.0,18.73,82.06,49.45,8.12,80.3,4.79,0.805,41.48,21.14,0.0,45.14,0
2026-01-01 16:00:00,Zone_1,5.2,6.68,9.94,62.09,56.29,2.0,16.06,121.14,17.79,3.85,73.29,5.4,0.76,99.59,19.81,0.0,16.13,0
2026-01-01 16:05:00,Zone_7,8.32,10.02,14.3,95.36,29.81,9.7,91.92,94.89,3.97,11.68,91.27,19.61,0.822,91.12,119.55,28.43,100.87,0
2026-01-01 16:10:00,Zone_7,22.17,26.0,29.99,150.0,116.08,20.93,38.81,67.96,40.38,4.38,46.27,12.99,0.629,40.51,95.28,54.76,95.79,1
2026-01-01 16:15:00,Zone_2,14.92,18.2,19.41,150.0,96.68,24.12,42.31,64.64,31.13,10.9,80.41,11.67,0.796,44.52,108.32,63.81,95.04,1
2026-01-01 16:20:00,Zone_2,9.35,9.64,11.04,108.87,74.85,25.84,62.23,82.7,28.51,9.1,61.52,11.89,0.693,59.13,69.79,10.66,105.25,0
2026-01-01 16:25:00,Zone_4,10.66,13.16,17.16,90.68,46.19,20.31,25.67,126.69,21.73,14.81,54.01,6.66,0.564,99.16,26.47,0.0,25.88,0
2026-01-01 16:30:00,Zone_5,6.19,7.33,8.83,52.26,40.3,17.6,43.85,50.84,7.98,15.0,70.52,15.22,0.695,46.78,43.02,0.0,93.74,0
2026-01-01 16:35:00,Zone_3,23.96,24.66,25.5,150.0,93.01,16.27,25.72,65.76,52.59,13.17,70.25,4.44,0.68,31.17,35.26,4.08,82.49,0
2026-01-01 16:40:00,Zone_7,31.05,31.15,32.79,150.0,83.17,11.24,95.6,129.85,8.61,11.64,51.85,12.75,0.644,118.66,95.83,0.0,80.56,0
2026-01-01 16:45:00,Zone_8,15.09,16.43,17.54,150.0,83.01,14.42,46.45,56.56,11.43,6.41,55.09,12.7,0.616,50.1,91.33,41.23,92.72,1
2026-01-01 16:50:00,Zone_7,16.84,17.72,18.04,145.76,80.04,12.44,84.47,104.81,16.29,11.55,65.41,18.54,0.73,87.74,153.36,65.62,96.27,1
2026-01-01 16:55:00,Zone_1,7.73,8.31,14.51,92.68,64.8,7.36,55.75,65.28,10.21,14.39,65.44,11.95,0.68,58.62,58.57,0.0,95.1,0
2026-01-01 17:00:00,Zone_4,10.36,12.73,19.45,119.2,69.85,5.24,36.2,102.56,49.44,1.33,60.88,5.33,0.654,51.85,32.29,0.0,69.81,0
2026-01-01 17:05:00,Zone_5,14.32,17.25,18.12,124.52,61.26,8.69,59.64,81.39,22.74,8.53,52.43,12.74,0.601,62.89,74.11,11.22,94.84,0
2026-01-01 17:10:00,Zone_8,51.08,51.64,51.88,150.0,101.93,11.87,28.7,54.66,4.77,4.05,45.22,4.55,0.571,52.05,30.3,0.0,55.14,0
2026-01-01 17:15:00,Zone_4,24.03,24.14,28.83,150.0,71.43,11.66,66.87,100.34,7.85,8.81,93.51,6.46,0.826,92.45,62.27,0.0,72.33,0
2026-01-01 17:20:00,Zone_6,14.69,18.47,19.3,150.0,113.45,2.0,32.23,109.89,8.4,7.53,92.17,3.53,0.809,100.66,33.3,0.0,32.02,0
2026-01-01 17:25:00,Zone_5,10.35,10.37,12.12,122.49,103.45,2.0,74.32,109.63,6.52,9.06,69.18,11.73,0.682,102.48,76.18,0.0,72.53,0
2026-01-01 17:30:00,Zone_7,8.2,13.73,13.96,85.41,39.77,2.0,27.22,105.52,7.66,8.71,94.75,4.44,0.812,97.43,23.92,0.0,27.94,0
2026-01-01 17:35:00,Zone_7,4.37,6.34,7.24,47.65,43.6,2.0,32.52,92.52,14.54,14.44,78.68,10.98,0.798,79.07,32.47,0.0,41.13,0
2026-01-01 17:40:00,Zone_5,2.43,3.21,8.72,25.55,20.8,2.0,24.7,94.35,56.03,8.73,48.44,18.86,0.652,41.49,24.44,0.0,59.54,0
2026-01-01 17:45:00,Zone_7,10.72,11.29,17.0,98.78,58.2,2.0,69.99,105.39,15.01,12.85,50.89,15.24,0.59,89.56,69.1,0.0,78.15,0
2026-01-01 17:50:00,Zone_3,24.87,24.89,25.7,150.0,92.06,2.0,45.79,110.57,3.8,5.48,90.81,4.32,0.829,106.37,41.77,0.0,43.04,0
2026-01-01 17:55:00,Zone_5,18.16,18.7,20.13,150.0,105.35,2.0,45.7,107.21,53.55,7.13,76.5,6.81,0.708,49.8,56.24,6.44,91.77,0
2026-01-01 18:00:00,Zone_4,20.12,20.42,20.92,150.0,97.02,3.69,83.61,100.76,18.81,7.59,87.16,14.45,0.776,81.81,130.84,49.03,102.2,1
2026-01-01 18:05:00,Zone_5,17.33,19.23,19.5,150.0,66.37,21.89,33.75,59.8,34.76,4.9,89.91,18.21,0.767,39.01,162.94,123.92,86.51,1
2026-01-01 18:10:00,Zone_8,50.38,50.74,67.72,150.0,122.38,23.46,27.35,65.01,21.3,6.32,67.4,3.56,0.718,51.16,29.8,0.0,53.47,0
2026-01-01 18:15:00,Zone_7,28.78,30.29,34.02,150.0,102.7,30.69,46.26,69.72,28.36,9.38,47.43,16.81,0.602,49.95,118.01,68.06,92.61,1
2026-01-01 18:20:00,Zone_3,18.86,20.64,23.38,150.0,96.88,18.56,93.63,132.37,7.28,9.12,54.41,12.55,0.642,122.73,94.05,0.0,76.29,0
2026-01-01 18:25:00,Zone_3,9.75,10.46,15.53,113.65,65.25,15.38,64.88,117.14,24.77,9.91,48.33,12.28,0.618,88.13,67.13,0.0,73.62,0
2026-01-01 18:30:00,Zone_6,6.39,6.47,12.88,69.89,43.16,6.11,66.3,97.52,21.13,5.93,54.44,19.28,0.596,76.92,62.48,0.0,86.19,0
2026-01-01 18:35:00,Zone_4,8.14,8.22,13.97,87.74,72.26,8.26,55.6,68.95,20.02,5.42,65.53,15.71,0.668,55.15,71.61,16.46,100.83,0
2026-01-01 18:40:00,Zone_2,12.1,12.15,12.21,138.48,93.15,12.7,40.75,55.53,25.05,9.56,50.91,17.45,0.618,41.63,116.15,74.53,97.89,1
2026-01-01 18:45:00,Zone_2,55.68,58.36,59.09,150.0,102.0,20.16,61.16,130.38,47.89,2.86,53.34,9.02,0.606,67.94,63.79,0.0,90.01,0
2026-01-01 18:50:00,Zone_5,31.39,32.16,35.88,150.0,82.51,26.28,53.85,129.8,60.97,4.54,67.29,12.42,0.689,50.66,99.8,49.14,106.3,1
2026-01-01 18:55:00,Zone_6,18.1,21.29,22.94,150.0,93.3,27.81,48.69,55.52,11.05,1.59,62.01,13.46,0.636,49.38,99.9,50.51,98.6,1
2026-01-01 19:00:00,Zone_1,14.43,15.56,29.72,149.36,97.7,25.74,71.23,120.74,15.41,2.02,68.38,8.47,0.732,102.13,71.98,0.0,69.74,0
2026-01-01 19:05:00,Zone_5,12.49,13.7,17.53,149.93,105.81,24.26,70.71,87.43,17.0,4.41,66.46,12.69,0.71,72.56,105.17,32.6,97.44,1
2026-01-01 19:10:00,Zone_6,7.62,9.06,20.03,75.12,43.84,17.69,31.06,75.78,13.41,1.27,77.22,7.02,0.773,65.61,31.73,0.0,47.34,0
2026-01-01 19:15:00,Zone_4,8.0,10.5,11.28,51.43,44.57,14.23,20.57,115.21,20.38,4.44,91.86,5.44,0.829,91.73,18.03,0.0,22.43,0
2026-01-01 19:20:00,Zone_4,4.22,4.86,11.84,44.5,15.19,6.98,21.83,103.36,70.0,10.17,50.39,9.36,0.569,31.01,18.43,0.0,70.39,0
2026-01-01 19:25:00,Zone_4,5.52,5.78,7.14,62.57,41.5,2.0,41.58,119.1,23.14,1.86,49.96,15.57,0.585,91.54,44.35,0.0,45.42,0
2026-01-01 19:30:00,Zone_4,7.34,8.97,24.94,69.14,43.77,8.01,40.18,52.06,17.42,7.11,87.64,18.58,0.767,42.99,76.63,33.64,93.45,0
2026-01-01 19:35:00,Zone_4,12.14,12.93,13.53,123.23,61.91,5.06,54.11,75.27,24.19,13.78,70.32,10.78,0.694,57.06,71.7,14.64,94.83,0
2026-01-01 19:40:00,Zone_6,8.6,9.77,12.31,82.19,52.85,8.74,46.58,75.34,38.2,12.08,83.32,13.93,0.798,46.56,71.08,24.53,100.06,0
2026-01-01 19:45:00,Zone_6,29.4,31.48,36.99,150.0,90.51,9.25,35.41,76.33,15.46,5.28,55.77,4.75,0.585,64.53,32.41,0.0,54.87,0
2026-01-01 19:50:00,Zone_3,17.29,18.65,20.64,150.0,114.47,13.3,72.85,92.74,15.31,13.95,86.44,18.38,0.765,78.54,163.94,85.4,92.76,1
2026-01-01 19:55:00,Zone_8,13.44,15.38,17.58,105.07,63.37,16.04,50.02,71.89,24.55,5.62,91.19,12.67,0.794,54.24,82.2,27.96,92.21,0
2026-01-01 20:00:00,Zone_2,11.35,12.92,27.96,90.02,62.72,12.39,64.5,87.22,23.33,2.02,76.77,16.27,0.694,66.87,79.09,12.22,96.46,0
2026-01-01 20:05:00,Zone_7,15.13,17.83,19.76,150.0,82.73,13.34,61.98,79.94,22.93,14.92,50.29,16.51,0.608,61.61,117.0,55.39,100.6,1
2026-01-01 20:10:00,Zone_4,14.53,16.98,20.22,140.64,94.25,4.74,60.66,114.85,6.16,13.18,89.76,7.36,0.789,107.77,63.49,0.0,56.29,0
2026-01-01 20:15:00,Zone_1,9.99,11.52,11.72,109.08,65.92,2.0,80.1,102.33,18.98,7.52,84.62,12.0,0.806,82.91,82.08,0.0,96.6,0
2026-01-01 20:20:00,Zone_7,6.98,9.25,15.71,73.79,38.65,2.0,81.53,107.09,9.91,10.33,82.54,19.33,0.754,96.49,83.7,0.0,84.5,0
2026-01-01 20:25:00,Zone_6,3.9,8.03,11.69,43.7,62.41,2.0,11.47,65.01,7.63,10.4,46.84,4.52,0.598,60.05,9.19,0.0,19.1,0
2026-01-01 20:30:00,Zone_1,2.96,4.09,5.9,25.5,12.33,2.0,22.22,75.92,9.35,3.72,84.95,14.61,0.778,68.82,22.55,0.0,32.29,0
2026-01-01 20:35:00,Zone_1,18.21,19.27,19.33,150.0,94.96,11.96,36.13,47.01,16.83,3.8,51.9,19.36,0.535,39.1,120.84,81.74,92.41,1
2026-01-01 20:40:00,Zone_1,12.57,15.46,18.6,150.0,108.32,6.92,49.35,55.3,2.42,7.57,56.12,8.11,0.588,53.96,55.59,1.63,91.46,0
2026-01-01 20:45:00,Zone_3,8.05,9.8,9.84,86.02,46.69,3.21,53.84,70.18,19.98,13.76,73.86,17.64,0.731,56.16,86.27,30.11,95.88,0
2026-01-01 20:50:00,Zone_6,6.42,6.57,6.57,49.7,37.14,11.61,30.12,51.22,38.42,1.14,58.25,18.87,0.651,31.54,47.52,15.98,95.49,0
2026-01-01 20:55:00,Zone_1,8.19,12.64,15.99,77.76,56.67,5.85,72.65,102.25,7.22,11.96,78.07,15.7,0.738,94.86,70.11,0.0,76.58,0
2026-01-01 21:00:00,Zone_4,8.09,8.16,8.89,78.98,54.27,6.03,35.71,139.82,27.91,1.81,75.4,6.93,0.767,100.79,32.66,0.0,35.43,0
2026-01-01 21:05:00,Zone_5,13.97,16.73,17.48,124.44,108.44,10.04,37.27,54.58,23.68,7.7,50.41,8.68,0.617,41.65,51.85,10.2,89.48,0
2026-01-01 21:10:00,Zone_1,6.0,8.84,12.55,71.66,36.93,2.45,18.77,123.02,11.9,9.93,77.8,3.61,0.786,108.37,15.81,0.0,17.32,0
2026-01-01 21:15:00,Zone_3,6.88,13.0,13.19,67.88,62.57,4.32,43.33,56.29,25.32,10.61,91.2,17.13,0.732,42.04,66.24,24.2,103.09,0
2026-01-01 21:20:00,Zone_7,5.98,6.09,7.41,43.9,34.2,2.0,38.15,108.64,27.66,1.82,53.06,17.44,0.667,78.59,39.75,0.0,48.55,0
2026-01-01 21:25:00,Zone_6,4.03,5.85,6.42,34.35,33.24,2.32,28.22,106.1,10.45,6.86,74.85,13.76,0.706,95.01,25.95,0.0,29.71,0
2026-01-01 21:30:00,Zone_8,50.13,51.25,54.29,150.0,101.59,7.59,67.0,130.76,23.99,9.17,62.09,8.99,0.661,99.39,69.37,0.0,67.41,0
2026-01-01 21:35:00,Zone_3,23.69,24.49,28.29,150.0,120.04,6.91,33.83,55.82,40.39,1.92,67.98,4.31,0.726,33.28,36.45,3.17,101.66,0
2026-01-01 21:40:00,Zone_1,14.38,14.57,19.04,133.19,82.73,16.37,33.46,74.97,64.36,2.89,59.35,15.8,0.583,26.72,95.49,68.77,125.23,1
2026-01-01 21:45:00,Zone_6,8.04,9.7,10.73,85.09,61.27,20.96,29.58,53.62,45.04,10.29,62.71,15.35,0.656,29.47,66.64,37.16,100.35,0
2026-01-01 21:50:00,Zone_5,11.14,12.44,12.77,95.76,77.91,13.25,74.14,83.7,8.37,8.3,46.45,18.51,0.612,76.7,84.46,7.77,96.66,0
2026-01-01 21:55:00,Zone_1,26.32,26.54,26.83,150.0,90.79,18.11,89.04,131.6,27.9,3.27,94.08,15.42,0.802,94.88,144.25,49.37,93.85,1
2026-01-01 22:00:00,Zone_3,14.62,16.52,18.46,150.0,109.51,23.47,94.37,119.24,19.46,8.49,76.24,17.09,0.759,96.04,151.24,55.19,98.26,1
2026-01-01 22:05:00,Zone_2,15.25,17.93,28.13,150.0,97.28,18.81,100.08,113.68,12.85,13.78,70.04,15.68,0.72,99.07,131.81,32.74,101.02,1
2026-01-01 22:10:00,Zone_4,10.39,13.31,14.17,105.3,53.63,11.1,73.84,95.64,9.96,1.22,64.19,13.72,0.676,86.12,75.97,0.0,85.75,0
2026-01-01 22:15:00,Zone_8,4.84,9.55,10.59,48.93,14.38,6.64,30.03,128.93,3.35,10.0,71.97,10.26,0.728,124.61,28.41,0.0,24.1,0
2026-01-01 22:20:00,Zone_7,7.23,8.28,8.66,73.79,46.87,2.85,65.57,87.7,22.79,2.03,64.01,18.34,0.709,67.71,74.6,6.88,96.83,0
2026-01-01 22:25:00,Zone_3,27.85,33.96,37.22,150.0,109.39,7.97,53.52,59.22,5.71,1.09,63.0,14.07,0.683,55.84,112.09,56.26,95.86,1
2026-01-01 22:30:00,Zone_6,23.49,27.5,31.49,150.0,72.55,10.9,71.3,124.57,42.8,3.11,68.2,9.77,0.719,71.26,81.96,10.69,100.06,0
2026-01-01 22:35:00,Zone_8,14.71,15.42,19.02,150.0,99.91,11.95,26.16,71.57,52.87,6.92,58.8,4.42,0.618,33.73,31.84,0.0,77.55,0
2026-01-01 22:40:00,Zone_8,7.02,7.37,14.28,82.45,64.3,9.11,31.89,50.1,1.9,12.23,54.0,7.94,0.637,49.14,32.47,0.0,64.9,0
2026-01-01 22:45:00,Zone_8,7.5,8.64,10.97,45.69,14.36,9.86,34.67,56.97,15.82,4.94,72.83,12.24,0.729,47.96,31.71,0.0,72.29,0
2026-01-01 22:50:00,Zone_1,2.68,3.7,4.21,30.39,12.15,8.73,14.33,102.86,34.89,9.76,87.14,7.69,0.819,66.98,14.89,0.0,21.4,0
2026-01-01 22:55:00,Zone_4,58.46,60.18,61.37,150.0,104.37,12.19,45.65,102.67,6.44,6.76,52.64,6.76,0.578,96.07,45.63,0.0,47.52,0
2026-01-01 23:00:00,Zone_1,57.85,59.6,63.4,150.0,107.68,31.56,31.25,69.72,53.68,4.28,46.64,11.97,0.615,32.3,85.91,53.61,96.77,1
2026-01-01 23:05:00,Zone_6,35.15,37.92,41.24,150.0,116.75,32.59,47.66,114.08,8.59,8.2,57.34,5.89,0.61,104.29,41.92,0.0,45.7,0
2026-01-01 23:10:00,Zone_1,18.56,19.98,22.63,150.0,90.46,37.76,50.16,118.5,57.8,12.16,93.99,16.61,0.89,50.01,172.46,122.45,100.31,1
2026-01-01 23:15:00,Zone_2,8.26,8.48,12.5,97.81,53.79,25.3,60.74,132.45,20.36,12.65,86.44,11.23,0.756,105.48,64.57,0.0,57.59,0
2026-01-01 23:20:00,Zone_4,9.55,13.45,17.0,98.34,83.75,11.77,64.62,100.57,9.7,12.85,74.79,12.76,0.689,90.81,67.22,0.0,71.16,0
2026-01-01 23:25:00,Zone_4,6.84,7.58,15.04,55.45,26.98,4.58,19.24,119.05,15.63,5.74,91.46,5.51,0.799,100.44,18.96,0.0,19.16,0
2026-01-01 23:30:00,Zone_6,6.54,13.64,16.72,46.73,36.46,2.0,26.0,116.54,16.54,12.11,67.26,8.52,0.718,97.27,22.22,0.0,26.73,0
2026-01-01 23:35:00,Zone_7,8.64,8.89,14.16,100.26,91.37,2.81,33.68,69.49,53.45,3.97,94.16,9.97,0.831,32.35,64.66,32.31,104.13,0
2026-01-01 23:40:00,Zone_2,54.31,60.66,61.66,150.0,106.53,19.31,71.59,74.47,5.99,11.34,59.82,16.74,0.699,70.01,136.6,66.59,102.25,1
2026-01-01 23:45:00,Zone_3,36.15,36.34,40.31,150.0,106.9,20.41,61.57,90.46,26.72,14.28,57.02,16.09,0.626,66.29,117.54,51.25,92.89,1
2026-01-01 23:50:00,Zone_1,22.77,23.3,31.43,150.0,112.84,23.88,31.32,46.81,35.85,1.19,76.9,6.79,0.72,30.03,57.03,27.0,104.3,1
2026-01-01 23:55:00,Zone_5,15.83,15.93,17.63,150.0,103.8,25.47,57.58,73.25,16.71,7.17,63.91,13.48,0.648,61.02,101.79,40.78,94.37,1
2026-01-02 00:00:00,Zone_1,10.51,12.95,18.23,112.01,82.27,19.19,44.16,90.02,9.77,10.07,76.32,7.14,0.716,81.22,44.52,0.0,54.37,0
2026-01-02 00:05:00,Zone_8,9.02,12.82,17.34,63.01,36.85,17.19,50.49,55.27,11.49,10.82,60.25,19.8,0.609,48.92,59.13,10.22,103.21,0
2026-01-02 00:10:00,Zone_1,7.0,8.14,8.35,42.53,41.56,8.88,32.15,57.0,39.39,3.47,75.9,19.19,0.71,34.55,45.06,10.51,93.06,0
2026-01-02 00:15:00,Zone_3,3.43,8.71,11.76,30.49,24.78,2.24,13.8,89.01,29.55,14.61,58.79,12.58,0.608,62.7,18.12,0.0,22.01,0
2026-01-02 00:20:00,Zone_1,5.24,7.02,7.51,57.05,19.34,3.38,39.13,114.44,39.34,9.61,47.55,14.88,0.609,69.42,40.23,0.0,56.36,0
2026-01-02 00:25:00,Zone_2,4.85,6.83,18.81,49.16,34.87,2.0,54.22,124.21,21.88,3.3,90.61,16.62,0.847,97.03,53.86,0.0,55.88,0
2026-01-02 00:30:00,Zone_2,8.51,12.24,18.08,93.26,34.58,6.39,70.42,96.9,28.0,1.29,89.16,15.26,0.802,69.76,88.81,19.04,100.94,0
2026-01-02 00:35:00,Zone_4,6.39,7.1,7.5,70.63,54.48,2.0,45.69,90.1,45.24,11.97,93.54,14.9,0.797,49.34,65.26,15.92,92.59,0
2026-01-02 00:40:00,Zone_6,4.7,5.57,6.03,50.77,30.19,2.0,46.78,81.51,39.35,2.12,80.83,19.3,0.776,49.43,59.16,9.72,94.64,0
2026-01-02 00:45:00,Zone_7,12.17,16.9,20.06,110.53,94.71,4.32,38.01,63.33,39.79,2.97,79.14,13.14,0.745,38.13,84.1,45.97,99.69,0
2026-01-02 00:50:00,Zone_5,10.36,14.98,16.46,123.0,85.82,11.33,53.61,58.92,10.0,9.05,72.95,13.82,0.745,53.03,98.5,45.47,101.09,1
2026-01-02 00:55:00,Zone_8,7.46,14.96,15.08,69.09,56.0,4.59,54.78,120.23,29.46,9.45,51.3,17.44,0.578,84.81,54.17,0.0,64.59,0
2026-01-02 01:00:00,Zone_1,5.67,10.31,13.04,64.62,29.41,2.0,42.66,89.18,13.21,10.62,54.46,14.39,0.596,77.39,43.1,0.0,55.12,0
2026-01-02 01:05:00,Zone_1,8.84,9.11,10.83,98.47,72.22,2.0,77.01,120.08,10.58,6.51,59.47,15.46,0.669,107.38,79.23,0.0,71.72,0
2026-01-02 01:10:00,Zone_3,5.56,9.03,9.41,65.58,34.94,2.0,31.04,111.89,63.43,11.83,89.51,6.98,0.797,40.92,28.38,0.0,75.86,0
2026-01-02 01:15:00,Zone_6,4.56,5.61,11.28,49.05,44.97,3.84,26.59,63.42,32.64,14.64,53.65,9.31,0.646,42.72,22.95,0.0,62.24,0
2026-01-02 01:20:00,Zone_2,17.7,27.07,35.7,150.0,84.08,4.88,48.33,93.48,28.64,4.8,91.14,5.5,0.78,66.71,50.09,0.0,72.45,0
2026-01-02 01:25:00,Zone_5,10.83,12.11,17.06,91.06,60.51,2.0,57.61,87.18,10.77,10.84,71.14,11.6,0.719,77.8,59.04,0.0,74.06,0
2026-01-02 01:30:00,Zone_4,6.17,7.79,13.84,69.58,31.33,2.0,46.85,85.27,17.06,14.0,80.78,10.75,0.77,70.72,44.8,0.0,66.25,0
2026-01-02 01:35:00,Zone_2,7.62,9.13,9.99,80.26,53.68,4.16,69.2,96.54,27.39,10.61,50.51,19.95,0.556,70.1,69.31,0.0,98.72,0
2026-01-02 01:40:00,Zone_8,45.73,46.51,47.58,150.0,121.77,5.45,102.07,138.3,10.8,10.54,58.45,13.39,0.642,123.36,100.32,0.0,82.73,0
2026-01-02 01:45:00,Zone_6,59.9,60.05,60.87,150.0,106.16,7.74,112.94,122.23,6.39,4.13,92.93,16.37,0.754,114.41,144.03,29.61,98.71,1
2026-01-02 01:50:00,Zone_8,31.38,35.9,40.97,150.0,97.11,2.26,70.56,130.85,25.03,8.49,58.31,8.68,0.686,98.1,69.42,0.0,71.92,0
2026-01-02 01:55:00,Zone_7,16.09,19.33,29.68,150.0,67.95,17.92,22.0,47.82,50.44,8.88,59.83,17.14,0.61,23.7,121.87,98.18,92.84,1
2026-01-02 02:00:00,Zone_4,16.71,17.01,21.42,150.0,91.07,22.58,48.23,58.33,5.14,10.8,54.88,13.46,0.619,55.33,97.14,41.8,87.17,1
2026-01-02 02:05:00,Zone_7,11.87,14.87,22.33,108.62,76.3,23.18,28.91,53.05,45.51,14.96,51.45,14.85,0.607,28.91,76.16,47.25,100.01,1
2026-01-02 02:10:00,Zone_3,4.78,6.74,10.31,57.14,31.01,20.34,23.58,70.01,24.91,1.47,56.66,8.01,0.604,52.57,21.51,0.0,44.85,0
2026-01-02 02:15:00,Zone_8,4.35,5.4,7.12,42.87,44.99,19.29,33.37,86.98,19.7,1.91,77.12,12.33,0.791,69.84,32.51,0.0,47.78,0
2026-01-02 02:20:00,Zone_3,6.83,7.41,9.35,39.12,26.29,17.03,25.77,106.0,12.68,2.09,67.77,13.78,0.668,92.56,28.01,0.0,27.84,0
2026-01-02 02:25:00,Zone_1,4.27,8.2,8.47,26.98,30.48,16.12,17.52,92.58,20.02,11.4,72.69,13.01,0.705,74.05,19.26,0.0,23.67,0
2026-01-02 02:30:00,Zone_7,8.69,11.1,11.21,90.18,61.08,10.45,83.51,130.8,11.19,2.91,51.12,18.56,0.585,116.17,76.14,0.0,71.89,0
2026-01-02 02:35:00,Zone_6,6.08,7.67,11.83,59.44,35.32,2.31,64.79,134.29,7.64,9.71,85.11,18.27,0.755,124.03,63.73,0.0,52.24,0
2026-01-02 02:40:00,Zone_8,47.64,49.52,51.54,150.0,91.84,20.28,47.92,60.53,7.35,5.55,84.2,19.51,0.768,56.08,174.72,118.64,85.44,1
2026-01-02 02:45:00,Zone_5,23.88,24.08,26.89,150.0,85.35,16.51,94.44,126.03,22.14,7.4,46.08,14.35,0.601,98.13,100.67,2.54,96.24,0
2026-01-02 02:50:00,Zone_4,16.21,17.49,20.35,150.0,110.66,18.9,77.65,90.76,11.97,4.02,64.18,19.52,0.676,79.9,153.9,73.99,97.19,1
2026-01-02 02:55:00,Zone_2,31.03,31.46,32.6,150.0,92.36,20.92,71.93,88.07,12.35,13.13,48.44,17.15,0.569,77.19,113.95,36.76,93.19,1
2026-01-02 03:00:00,Zone_6,19.79,20.26,22.52,150.0,103.77,20.74,68.17,119.57,29.49,9.21,84.61,7.6,0.773,84.31,68.56,0.0,80.86,0
2026-01-02 03:05:00,Zone_6,14.16,16.32,18.55,134.36,81.02,20.92,21.93,53.85,55.65,14.22,81.86,10.27,0.718,23.88,77.06,53.18,91.81,1
2026-01-02 03:10:00,Zone_3,9.21,14.06,15.78,107.51,56.88,9.19,49.89,128.84,19.0,9.04,90.1,7.05,0.836,104.36,49.3,0.0,47.81,0
2026-01-02 03:15:00,Zone_7,6.92,7.95,13.96,72.17,53.57,6.9,9.82,108.73,24.56,2.73,56.82,3.07,0.619,82.03,10.67,0.0,11.97,0
2026-01-02 03:20:00,Zone_8,10.57,11.04,13.14,117.43,67.37,2.52,36.13,128.15,42.71,3.39,67.81,6.2,0.676,73.41,38.23,0.0,49.22,0
2026-01-02 03:25:00,Zone_8,23.13,25.22,28.46,150.0,92.69,2.0,19.13,139.48,36.57,14.85,54.22,3.07,0.563,88.47,20.15,0.0,21.63,0
2026-01-02 03:30:00,Zone_1,12.41,16.51,24.41,143.74,78.45,2.0,87.87,94.21,7.58,11.16,63.56,15.24,0.653,87.07,111.17,24.1,100.92,0
2026-01-02 03:35:00,Zone_1,8.49,11.25,18.29,83.45,48.33,2.0,42.01,53.86,20.77,1.69,71.11,10.23,0.756,42.67,50.22,7.55,98.45,0
2026-01-02 03:40:00,Zone_4,49.15,53.21,60.95,150.0,97.79,9.46,37.0,60.82,36.85,10.85,47.67,8.31,0.607,38.41,58.84,20.43,96.32,0
2026-01-02 03:45:00,Zone_3,50.43,51.97,53.07,150.0,94.05,28.22,49.03,75.74,35.36,6.77,80.74,15.95,0.787,48.96,146.44,97.48,100.15,1
2026-01-02 03:50:00,Zone_6,41.89,44.68,44.8,150.0,107.32,37.46,43.94,54.84,18.23,5.3,72.16,17.15,0.714,44.84,142.94,98.1,97.99,1
2026-01-02 03:55:00,Zone_8,26.55,26.86,27.91,150.0,99.25,43.62,69.89,122.46,39.0,3.16,86.45,19.58,0.704,74.7,160.73,86.03,93.56,1
2026-01-02 04:00:00,Zone_5,15.01,15.87,17.01,150.0,134.55,40.63,69.54,73.2,5.93,12.76,58.59,13.91,0.645,68.86,104.71,35.85,100.99,1
2026-01-02 04:05:00,Zone_3,17.98,18.97,27.37,150.0,102.59,32.49,100.23,137.71,20.03,1.89,90.17,10.85,0.807,110.13,102.1,0.0,91.01,1
2026-01-02 04:10:00,Zone_4,15.22,16.65,20.32,128.54,62.73,24.53,53.28,111.75,50.41,5.06,94.93,8.19,0.852,55.41,69.72,14.31,96.15,0
2026-01-02 04:15:00,Zone_4,56.39,61.69,61.98,150.0,94.95,29.09,42.89,61.48,21.27,5.29,90.96,6.78,0.804,48.4,63.57,15.17,88.62,1
2026-01-02 04:20:00,Zone_3,27.65,31.8,32.31,150.0,95.99,26.03,60.1,90.22,14.91,3.25,83.89,6.62,0.746,76.77,57.64,0.0,78.29,0
2026-01-02 04:25:00,Zone_4,12.51,12.8,13.39,149.85,90.04,31.38,34.08,89.35,61.51,8.11,85.62,9.96,0.775,34.39,89.94,55.55,99.09,1
2026-01-02 04:30:00,Zone_3,7.0,7.38,10.86,80.79,53.38,32.59,68.53,91.79,24.77,1.16,73.69,19.86,0.708,69.05,88.38,19.32,99.24,0
2026-01-02 04:35:00,Zone_2,25.34,26.23,30.88,150.0,89.78,30.37,24.89,95.89,8.19,5.21,54.51,3.01,0.638,88.04,22.45,0.0,28.27,0
2026-01-02 04:40:00,Zone_3,8.54,9.23,16.1,98.88,68.27,27.3,38.69,47.96,18.21,14.07,78.85,6.35,0.741,39.23,36.22,0.0,98.62,0
2026-01-02 04:45:00,Zone_7,5.48,7.39,17.28,53.24,11.7,24.02,16.47,110.2,27.3,5.35,80.64,6.2,0.723,80.12,18.58,0.0,20.55,0
2026-01-02 04:50:00,Zone_3,7.51,12.17,12.96,56.18,50.25,18.49,53.18,91.28,40.6,6.05,94.27,15.19,0.838,54.22,55.65,1.42,98.07,0
2026-01-02 04:55:00,Zone_4,11.44,18.0,19.3,136.94,70.07,24.41,35.06,120.14,70.0,7.62,72.07,8.99,0.688,36.04,65.91,29.86,97.29,1
2026-01-02 05:00:00,Zone_8,11.23,13.35,14.32,118.11,73.61,21.3,62.14,122.46,24.26,8.86,58.57,10.77,0.633,92.75,62.68,0.0,67.0,0
2026-01-02 05:05:00,Zone_7,6.47,10.11,11.67,71.82,37.89,15.47,20.18,66.9,22.81,12.32,79.18,5.53,0.732,51.64,22.6,0.0,39.08,0
2026-01-02 05:10:00,Zone_4,5.69,7.18,15.8,32.6,24.86,17.82,25.0,49.6,12.73,3.66,93.97,9.88,0.827,43.29,20.73,0.0,57.76,0
2026-01-02 05:15:00,Zone_1,3.75,4.22,7.22,39.06,23.19,14.74,11.39,111.81,55.94,13.2,53.86,4.75,0.578,49.27,8.35,0.0,23.13,0
2026-01-02 05:20:00,Zone_1,3.25,4.74,9.43,18.12,14.8,15.78,12.51,137.89,47.43,11.61,61.3,12.06,0.657,72.49,11.18,0.0,17.25,0
2026-01-02 05:25:00,Zone_8,4.43,6.05,8.41,32.98,34.77,12.02,12.96,87.43,31.87,11.12,72.09,4.66,0.743,59.56,8.89,0.0,21.76,0
2026-01-02 05:30:00,Zone_8,46.1,48.82,48.92,150.0,106.72,24.6,38.82,69.66,45.22,2.22,53.51,16.44,0.62,38.16,118.99,80.82,101.73,1
2026-01-02 05:35:00,Zone_7,21.93,22.42,22.66,150.0,97.94,24.18,48.21,59.88,16.3,1.3,46.11,12.63,0.561,50.12,82.61,32.48,96.19,1
2026-01-02 05:40:00,Zone_2,12.81,13.73,16.43,144.26,99.28,27.54,44.17,72.31,35.88,9.32,61.85,15.31,0.648,46.36,111.34,64.98,95.27,1
2026-01-02 05:45:00,Zone_8,10.88,11.79,16.23,124.46,104.42,22.07,65.46,76.15,13.83,13.08,88.27,10.11,0.8,65.62,78.35,12.73,99.76,0
2026-01-02 05:50:00,Zone_1,14.06,20.47,21.32,138.95,99.97,25.39,38.26,85.27,49.26,9.18,47.17,9.49,0.603,43.26,61.78,18.52,88.44,1
2026-01-02 05:55:00,Zone_3,10.29,11.46,15.94,94.45,57.87,19.39,27.55,107.26,26.69,3.99,66.45,4.67,0.727,78.64,24.95,0.0,35.03,0
2026-01-02 06:00:00,Zone_4,5.54,8.35,14.18,55.47,51.39,9.34,31.93,70.95,8.96,2.27,83.11,11.91,0.717,64.59,36.82,0.0,49.44,0
2026-01-02 06:05:00,Zone_1,8.89,11.67,13.52,89.85,63.1,13.8,29.2,49.84,47.0,10.79,92.66,11.75,0.821,26.42,67.41,40.99,110.52,0
2026-01-02 06:10:00,Zone_1,14.41,15.03,19.83,150.0,85.95,14.08,76.18,80.46,5.28,11.1,94.27,10.96,0.827,76.22,105.72,29.5,99.96,1
2026-01-02 06:15:00,Zone_2,25.34,27.03,28.84,150.0,95.33,17.73,74.57,126.28,44.48,3.42,66.1,15.59,0.678,70.12,123.4,53.28,106.35,1
2026-01-02 06:20:00,Zone_7,11.08,15.57,19.54,122.98,62.27,22.57,66.05,92.34,27.61,1.39,92.52,17.15,0.823,66.85,135.07,68.22,98.81,1
2026-01-02 06:25:00,Zone_7,24.68,25.97,31.02,150.0,70.08,24.05,71.97,136.65,47.73,6.72,46.77,15.76,0.577,71.43,106.11,34.68,100.75,1
2026-01-02 06:30:00,Zone_6,12.53,18.33,35.2,144.76,82.71,20.35,46.94,92.84,10.81,9.16,82.3,5.45,0.732,82.81,44.85,0.0,56.69,0
2026-01-02 06:35:00,Zone_2,14.04,14.53,16.01,150.0,98.97,26.07,52.85,71.21,20.46,10.88,77.14,13.58,0.742,56.64,117.53,60.89,93.31,1
2026-01-02 06:40:00,Zone_3,12.97,13.12,14.98,144.9,95.69,23.66,29.11,63.36,28.65,12.34,57.48,4.37,0.657,45.21,32.32,0.0,64.4,0
2026-01-02 06:45:00,Zone_7,18.61,23.05,23.68,150.0,80.56,19.77,79.0,110.98,24.79,9.55,70.37,14.81,0.7,83.47,121.01,37.54,94.64,1
2026-01-02 06:50:00,Zone_4,11.04,14.8,15.6,130.76,56.45,23.32,53.38,95.96,43.13,2.55,51.48,9.49,0.639,54.57,61.7,7.13,97.82,0
2026-01-02 06:55:00,Zone_8,26.35,36.16,40.3,150.0,115.15,15.52,48.13,102.38,17.25,10.56,88.58,5.25,0.786,84.72,48.15,0.0,56.81,0
2026-01-02 07:00:00,Zone_2,12.83,15.1,23.82,149.61,98.39,14.08,99.27,116.74,13.31,14.78,62.89,17.65,0.678,101.2,139.34,38.15,98.1,1
2026-01-02 07:05:00,Zone_8,11.74,17.25,19.01,136.87,107.64,7.47,85.85,113.96,24.46,13.68,76.3,13.44,0.684,86.09,97.86,11.77,99.72,0
2026-01-02 07:10:00,Zone_1,14.04,17.55,18.24,150.0,115.48,11.25,39.48,49.12,13.37,13.2,52.94,9.03,0.682,42.55,71.85,29.29,92.76,1
2026-01-02 07:15:00,Zone_4,7.1,10.82,12.0,80.55,61.17,6.48,16.19,121.24,29.68,5.23,55.31,3.52,0.62,85.26,13.68,0.0,18.99,0
2026-01-02 07:20:00,Zone_4,4.92,6.6,8.73,43.26,28.83,2.0,34.3,95.61,19.08,11.51,94.6,12.13,0.808,77.37,33.0,0.0,44.33,0
2026-01-02 07:25:00,Zone_1,2.43,3.39,4.59,20.79,8.74,3.36,27.57,82.21,31.3,12.92,82.65,18.69,0.755,56.48,22.83,0.0,48.82,0
2026-01-02 07:30:00,Zone_2,2.78,8.23,9.16,22.61,23.32,2.0,19.48,96.06,9.08,10.5,93.1,13.14,0.787,87.34,18.19,0.0,22.3,0
2026-01-02 07:35:00,Zone_1,2.71,3.84,8.5,18.61,10.18,2.0,17.14,103.18,9.3,4.51,59.79,19.52,0.614,93.59,17.35,0.0,18.31,0
2026-01-02 07:40:00,Zone_8,10.36,11.91,11.94,120.26,71.1,2.9,37.16,59.2,11.68,14.35,53.23,5.32,0.617,52.29,30.72,0.0,71.07,0
2026-01-02 07:45:00,Zone_6,5.49,6.68,9.39,62.87,15.69,6.06,40.06,84.65,51.41,7.31,70.15,12.66,0.704,41.14,43.6,2.46,97.39,0
2026-01-02 07:50:00,Zone_4,7.12,8.78,14.31,47.18,29.67,5.75,43.76,76.88,9.5,2.82,69.73,16.57,0.705,69.58,42.89,0.0,62.89,0
2026-01-02 07:55:00,Zone_5,4.82,6.1,7.18,47.65,44.13,3.22,28.63,78.29,51.03,2.54,53.75,11.93,0.618,38.34,27.32,0.0,74.67,0
2026-01-02 08:00:00,Zone_5,3.66,3.75,6.99,34.32,37.42,2.0,11.97,53.68,5.83,10.07,81.66,4.55,0.756,50.55,9.17,0.0,23.68,0
2026-01-02 08:05:00,Zone_8,13.61,17.88,21.75,150.0,98.14,6.51,54.95,60.19,7.27,7.13,63.09,12.91,0.629,55.81,94.78,38.97,98.46,1
2026-01-02 08:10:00,Zone_3,8.64,9.82,13.54,91.33,48.7,6.16,63.07,60.37,7.43,2.32,54.32,13.4,0.607,55.89,57.77,1.88,112.85,0
2026-01-02 08:15:00,Zone_7,35.23,37.01,39.07,150.0,108.33,15.42,43.54,80.46,42.6,11.37,61.6,15.39,0.663,46.18,119.0,72.82,94.28,1
2026-01-02 08:20:00,Zone_1,18.48,18.78,20.27,150.0,97.32,10.8,123.07,129.98,6.89,12.19,73.18,15.94,0.7,121.02,130.14,9.12,101.69,0
2026-01-02 08:25:00,Zone_1,19.71,19.72,26.04,150.0,93.11,21.86,40.24,64.57,29.47,11.16,81.32,16.1,0.765,45.54,143.79,98.25,88.37,1
2026-01-02 08:30:00,Zone_3,13.41,13.97,18.94,150.0,80.03,33.06,32.87,84.54,56.76,3.83,69.09,14.28,0.691,36.55,115.18,78.63,89.92,1
2026-01-02 08:35:00,Zone_3,8.11,10.55,11.91,92.11,85.12,32.39,28.88,74.6,16.8,10.66,71.28,6.67,0.702,62.07,33.55,0.0,46.53,0
2026-01-02 08:40:00,Zone_8,8.26,8.47,8.85,69.19,53.84,28.67,29.95,119.8,32.63,1.15,51.95,9.87,0.616,80.71,32.72,0.0,37.1,0
2026-01-02 08:45:00,Zone_8,11.07,15.86,16.12,79.87,62.07,29.47,35.22,49.76,17.72,5.27,90.73,16.19,0.818,40.94,82.32,41.38,86.01,0
2026-01-02 08:50:00,Zone_3,14.28,14.76,15.11,150.0,87.15,43.94,56.31,63.67,10.27,6.58,91.44,19.21,0.828,57.13,185.65,128.52,98.57,1
2026-01-02 08:55:00,Zone_4,22.49,22.95,26.01,150.0,98.46,42.78,34.24,65.01,42.05,12.69,79.17,4.34,0.805,37.67,40.8,3.12,90.89,1
2026-01-02 09:00:00,Zone_8,10.98,11.38,11.57,127.44,81.86,32.64,77.17,139.33,19.19,6.47,45.88,12.1,0.605,112.6,72.62,0.0,68.53,0
2026-01-02 09:05:00,Zone_6,6.09,6.12,7.56,72.02,56.2,30.81,32.47,99.22,11.23,1.16,71.85,8.31,0.665,88.08,30.96,0.0,36.86,0
2026-01-02 09:10:00,Zone_8,3.36,6.31,11.21,33.18,37.88,22.87,12.54,58.2,24.42,5.93,76.46,6.83,0.7,43.99,12.34,0.0,28.5,0
2026-01-02 09:15:00,Zone_1,6.78,10.93,12.15,78.51,33.82,19.56,58.55,70.86,15.34,7.98,94.73,11.6,0.815,59.99,57.75,0.0,97.6,0
2026-01-02 09:20:00,Zone_8,6.68,8.59,13.63,57.89,24.73,17.78,49.93,60.94,13.81,14.29,94.8,13.3,0.801,52.52,47.99,0.0,95.05,0
2026-01-02 09:25:00,Zone_4,16.14,16.55,21.34,150.0,105.25,14.84,33.17,56.84,16.45,14.17,87.88,3.17,0.801,47.49,29.59,0.0,69.85,0
2026-01-02 09:30:00,Zone_3,14.17,14.84,15.83,150.0,91.4,16.51,77.84,120.73,32.95,3.53,48.19,16.26,0.606,80.95,114.96,34.0,96.16,1
2026-01-02 09:35:00,Zone_1,9.62,10.91,15.48,115.25,84.69,19.04,77.48,92.1,11.89,3.59,92.66,16.94,0.799,81.14,121.28,40.14,95.48,1
2026-01-02 09:40:00,Zone_8,13.76,19.94,24.76,135.43,83.55,24.64,77.89,104.96,25.49,3.29,75.63,19.41,0.764,78.21,156.2,77.99,99.59,1
2026-01-02 09:45:00,Zone_4,8.25,8.82,10.59,95.54,47.12,20.22,41.65,76.47,5.0,12.04,85.04,6.07,0.819,72.64,36.94,0.0,57.33,0
2026-01-02 09:50:00,Zone_6,9.73,12.36,13.19,100.01,43.89,15.51,59.37,97.6,25.61,1.08,65.36,13.11,0.622,72.61,63.46,0.0,81.77,0
2026-01-02 09:55:00,Zone_8,6.06,7.22,9.8,65.38,48.31,14.9,33.11,69.47,46.52,2.78,60.98,10.25,0.612,37.15,31.91,0.0,89.12,0
2026-01-02 10:00:00,Zone_4,10.96,11.66,20.57,115.62,81.26,10.32,60.44,74.26,8.41,8.53,68.16,8.69,0.724,68.02,56.57,0.0,88.87,0
2026-01-02 10:05:00,Zone_6,7.36,8.58,12.15,81.54,64.64,4.09,52.88,106.96,16.09,4.47,52.34,12.62,0.638,89.75,51.03,0.0,58.91,0
2026-01-02 10:10:00,Zone_3,4.46,4.61,5.27,51.88,37.66,2.6,40.3,59.28,32.35,2.29,62.85,16.3,0.679,40.11,44.69,4.58,100.48,0
2026-01-02 10:15:00,Zone_8,10.96,14.17,18.19,127.0,37.46,3.73,28.08,103.64,34.26,6.04,87.88,3.39,0.79,68.13,26.46,0.0,41.22,0
2026-01-02 10:20:00,Zone_6,7.52,8.08,10.03,86.55,62.3,2.0,81.65,125.96,18.86,4.84,46.9,19.48,0.581,102.21,76.24,0.0,79.88,0
2026-01-02 10:25:00,Zone_1,7.57,10.15,13.28,80.73,34.98,2.0,53.54,56.44,7.52,8.16,52.54,16.77,0.629,52.2,66.2,14.01,102.57,0
2026-01-02 10:30:00,Zone_3,6.72,6.87,11.5,61.37,17.48,3.26,41.38,130.26,16.3,14.71,51.26,15.77,0.612,109.03,46.03,0.0,37.95,0
2026-01-02 10:35:00,Zone_1,4.96,11.17,13.7,54.02,11.25,4.01,34.14,52.55,33.21,2.74,65.15,15.93,0.715,35.09,47.84,12.75,97.28,0
2026-01-02 10:40:00,Zone_5,6.68,7.11,12.99,79.93,26.99,2.0,48.3,78.15,7.85,6.22,94.85,9.61,0.804,72.01,48.04,0.0,67.08,0
2026-01-02 10:45:00,Zone_2,6.64,10.93,15.41,66.54,46.6,2.0,53.61,103.0,11.66,14.05,53.67,15.78,0.619,90.99,50.54,0.0,58.93,0
2026-01-02 10:50:00,Zone_8,5.55,8.87,12.21,49.85,23.63,2.0,23.94,98.14,40.62,13.28,52.27,9.58,0.638,58.28,23.69,0.0,41.08,0
2026-01-02 10:55:00,Zone_6,7.53,14.41,14.98,31.08,1.98,2.0,35.78,54.16,11.7,6.52,90.75,18.28,0.809,47.82,35.74,0.0,74.83,0
2026-01-02 11:00:00,Zone_2,2.84,4.14,10.46,18.03,12.0,2.0,7.01,120.9,44.72,10.79,89.1,6.01,0.816,66.83,6.88,0.0,10.48,0
2026-01-02 11:05:00,Zone_2,38.04,40.64,50.25,150.0,84.23,2.0,56.77,137.45,25.36,2.23,46.61,7.97,0.603,102.59,56.05,0.0,55.34,0
2026-01-02 11:10:00,Zone_6,22.28,23.21,23.73,150.0,109.27,9.3,52.91,62.22,12.76,10.98,82.59,12.37,0.75,54.28,108.29,54.01,97.48,1
2026-01-02 11:15:00,Zone_3,18.55,18.96,21.3,150.0,114.9,6.2,68.37,130.04,19.15,14.62,77.77,8.43,0.708,105.13,69.63,0.0,65.03,0
2026-01-02 11:20:00,Zone_8,42.8,43.97,45.02,150.0,94.89,10.04,76.85,97.9,19.44,8.52,83.39,10.21,0.745,78.87,88.7,9.83,97.44,0
2026-01-02 11:25:00,Zone_5,33.27,33.63,38.55,150.0,114.03,2.69,89.28,133.91,12.87,7.98,69.73,11.37,0.666,116.68,88.37,0.0,76.52,0
2026-01-02 11:30:00,Zone_1,37.77,45.81,50.28,150.0,114.01,18.47,54.31,61.73,13.3,3.62,94.57,17.56,0.767,53.52,157.15,103.63,101.48,1
2026-01-02 11:35:00,Zone_4,17.36,17.56,18.09,150.0,98.52,13.95,94.07,120.24,6.21,9.87,47.19,11.89,0.619,112.78,85.86,0.0,83.41,0
2026-01-02 11:40:00,Zone_1,11.9,13.68,21.01,130.17,105.41,8.18,42.04,50.68,7.33,9.27,56.72,9.16,0.577,46.96,53.52,6.56,89.51,0
2026-01-02 11:45:00,Zone_4,7.12,9.09,9.79,60.96,32.16,2.0,26.72,128.9,7.97,10.13,64.83,7.21,0.73,118.64,24.96,0.0,22.52,0
2026-01-02 11:50:00,Zone_1,4.33,5.88,11.46,39.42,2.16,2.0,24.91,109.05,23.92,1.37,67.49,9.95,0.672,82.96,20.48,0.0,30.02,0
2026-01-02 11:55:00,Zone_6,7.26,9.43,11.56,85.81,37.12,2.03,56.39,80.17,25.28,8.68,91.07,11.77,0.797,59.91,62.59,2.69,94.13,0
2026-01-02 12:00:00,Zone_5,7.24,7.49,8.88,63.76,33.43,2.0,44.43,63.09,31.47,9.33,73.0,15.68,0.67,43.24,52.08,8.84,102.75,0
2026-01-02 12:05:00,Zone_8,7.62,9.24,9.84,61.94,46.67,2.0,13.47,122.57,16.02,3.91,47.26,5.06,0.598,102.93,14.57,0.0,13.09,0
2026-01-02 12:10:00,Zone_4,6.29,6.97,7.61,69.32,31.2,2.0,22.87,102.31,3.47,3.92,65.39,6.77,0.669,98.76,24.42,0.0,23.15,0
2026-01-02 12:15:00,Zone_8,7.38,13.02,16.81,68.97,36.72,2.0,32.34,79.24,25.08,4.87,65.82,9.45,0.681,59.36,34.54,0.0,54.47,0
2026-01-02 12:20:00,Zone_8,6.65,9.52,12.32,69.8,30.38,2.0,39.01,87.16,45.7,10.96,93.27,9.13,0.793,47.33,39.28,0.0,82.42,0
2026-01-02 12:25:00,Zone_8,7.37,14.56,15.01,48.87,23.93,2.0,26.75,123.52,21.37,9.49,74.96,9.66,0.739,97.12,27.14,0.0,27.55,0
2026-01-02 12:30:00,Zone_7,11.46,11.53,11.95,103.92,83.66,7.95,54.32,77.2,31.19,12.84,76.78,16.49,0.709,53.12,94.52,41.4,102.25,0
2026-01-02 12:35:00,Zone_3,25.45,26.12,26.38,150.0,101.79,17.46,33.2,53.52,28.44,5.14,80.66,8.51,0.756,38.3,75.03,36.74,86.69,1
2026-01-02 12:40:00,Zone_1,30.0,30.43,35.2,150.0,90.58,17.63,71.44,131.57,46.57,13.77,83.5,11.53,0.781,70.3,105.13,34.83,101.63,1
2026-01-02 12:45:00,Zone_8,17.14,17.16,21.52,150.0,112.15,25.6,63.63,81.8,23.72,11.41,76.75,13.61,0.777,62.4,123.39,60.99,101.98,1
2026-01-02 12:50:00,Zone_1,9.93,10.49,10.7,106.88,69.78,22.33,38.95,78.1,13.74,6.53,56.86,6.95,0.658,67.36,38.03,0.0,57.83,0
2026-01-02 12:55:00,Zone_8,5.44,7.71,10.58,58.46,39.61,17.89,57.69,64.42,19.48,2.33,88.7,15.22,0.796,51.87,55.1,3.23,111.23,0
2026-01-02 13:00:00,Zone_4,11.47,12.0,12.31,112.48,86.82,12.87,71.81,130.26,46.65,4.6,81.61,12.3,0.758,69.5,81.55,12.05,103.32,0
2026-01-02 13:05:00,Zone_3,11.25,12.67,20.86,130.47,80.69,10.74,57.26,65.66,8.68,14.39,82.09,10.6,0.77,59.96,82.77,22.81,95.49,0
2026-01-02 13:10:00,Zone_3,6.78,11.16,19.48,72.53,58.14,12.88,66.57,105.48,32.15,5.35,94.83,16.77,0.847,71.57,80.13,8.56,93.01,0
2026-01-02 13:15:00,Zone_6,8.15,10.52,14.71,61.69,50.24,6.09,23.74,128.67,6.18,5.62,85.13,7.14,0.753,120.72,25.81,0.0,19.67,0
2026-01-02 13:20:00,Zone_7,47.54,48.54,57.66,150.0,95.75,31.14,37.32,48.32,17.5,3.65,86.46,18.01,0.809,39.86,170.1,130.24,93.63,1
2026-01-02 13:25:00,Zone_6,22.22,23.15,28.99,150.0,80.75,25.18,108.06,123.74,6.36,12.3,92.57,12.54,0.785,115.86,114.79,0.0,93.27,0
2026-01-02 13:30:00,Zone_6,37.57,38.79,44.96,150.0,97.65,25.86,74.54,84.01,11.26,4.86,52.56,13.36,0.626,74.55,97.62,23.07,99.99,1
2026-01-02 13:35:00,Zone_6,18.96,19.35,22.3,150.0,111.15,36.12,48.9,107.51,49.84,5.62,69.89,17.88,0.716,53.92,149.26,95.33,90.69,1
2026-01-02 13:40:00,Zone_6,11.75,13.76,15.04,134.95,97.56,44.76,57.98,80.38,27.28,6.8,74.03,16.9,0.7,58.45,124.16,65.71,99.2,1
2026-01-02 13:45:00,Zone_6,5.65,6.55,7.41,64.26,62.29,33.0,43.21,111.07,17.89,7.07,61.46,13.23,0.611,91.2,40.4,0.0,47.38,0
2026-01-02 13:50:00,Zone_5,6.51,10.33,11.72,53.61,28.96,30.14,52.97,69.16,28.04,6.76,86.97,15.8,0.777,49.77,51.2,1.43,106.44,0
2026-01-02 13:55:00,Zone_3,10.25,13.07,16.54,117.72,85.87,29.5,38.76,47.08,14.37,8.05,83.12,10.37,0.687,40.32,65.18,24.86,96.13,1
2026-01-02 14:00:00,Zone_6,7.13,9.01,9.68,74.63,36.43,15.53,51.41,135.04,9.16,12.4,81.04,12.31,0.75,122.67,53.56,0.0,41.91,0
2026-01-02 14:05:00,Zone_8,5.44,6.35,7.39,56.5,39.14,7.72,18.03,46.55,10.13,12.47,94.86,4.06,0.787,41.84,14.02,0.0,43.1,0
2026-01-02 14:10:00,Zone_3,11.91,12.38,14.59,70.53,59.11,2.47,22.73,123.29,30.89,12.18,57.97,4.53,0.733,85.2,18.21,0.0,26.68,0
2026-01-02 14:15:00,Zone_3,11.42,14.41,15.34,128.12,94.15,13.35,46.08,61.07,26.42,2.42,81.77,17.1,0.791,44.93,134.72,89.79,102.56,1
2026-01-02 14:20:00,Zone_2,10.51,11.84,14.95,124.64,82.25,14.08,25.75,82.26,55.43,12.2,72.57,4.01,0.715,36.66,27.83,0.0,70.23,0
2026-01-02 14:25:00,Zone_5,7.99,8.5,17.48,94.18,58.0,3.19,25.91,123.14,19.8,2.68,60.65,5.88,0.693,98.75,29.86,0.0,26.23,0
2026-01-02 14:30:00,Zone_6,11.88,12.31,17.14,126.48,70.27,8.65,61.44,64.56,8.19,2.75,53.03,16.53,0.636,59.28,103.46,44.18,103.65,0
2026-01-02 14:35:00,Zone_1,9.06,9.42,13.27,92.28,57.27,2.79,16.37,127.24,20.12,14.27,89.79,3.02,0.764,101.64,16.56,0.0,16.11,0
2026-01-02 14:40:00,Zone_4,6.29,9.29,12.35,65.67,26.96,2.0,31.81,92.29,25.74,12.47,74.77,7.8,0.705,68.54,28.1,0.0,46.42,0
2026-01-02 14:45:00,Zone_7,4.01,4.53,6.87,37.88,20.51,2.0,28.94,79.78,17.6,8.73,86.25,12.93,0.812,65.74,30.94,0.0,44.02,0
2026-01-02 14:50:00,Zone_8,4.05,5.55,6.27,47.61,9.27,3.28,36.49,107.93,31.39,13.25,72.27,13.12,0.683,74.05,33.16,0.0,49.28,0
2026-01-02 14:55:00,Zone_1,4.81,6.01,13.89,44.62,13.18,2.0,40.33,77.43,3.66,14.85,56.0,16.21,0.642,74.6,36.11,0.0,54.06,0
2026-01-02 15:00:00,Zone_5,7.88,9.61,10.61,81.92,63.48,2.0,28.35,77.99,61.95,9.55,61.88,11.6,0.68,29.67,50.23,20.56,95.55,0
2026-01-02 15:05:00,Zone_4,41.64,45.83,46.17,150.0,106.4,2.87,91.06,114.69,15.36,9.58,64.08,11.66,0.663,97.06,90.13,0.0,93.81,0
2026-01-02 15:10:00,Zone_5,62.97,67.01,71.87,150.0,94.03,25.51,43.15,74.43,36.07,11.56,93.65,15.33,0.823,47.59,147.16,99.58,90.68,1
2026-01-02 15:15:00,Zone_8,29.49,30.69,31.36,150.0,98.28,28.94,57.21,64.07,3.46,4.25,45.28,11.48,0.601,61.85,80.52,18.66,92.49,1
2026-01-02 15:20:00,Zone_3,38.85,38.88,40.51,150.0,99.89,34.83,84.9,121.73,29.63,3.34,94.28,13.34,0.845,85.66,131.54,45.88,99.11,1
2026-01-02 15:25:00,Zone_4,23.78,24.89,24.99,150.0,103.02,35.64,102.17,121.51,12.84,11.63,94.02,18.26,0.834,105.91,177.6,71.69,96.47,1
2026-01-02 15:30:00,Zone_3,27.85,29.71,30.23,150.0,101.74,28.17,84.74,92.27,7.09,5.83,94.81,9.82,0.824,85.73,94.41,8.68,98.84,1
2026-01-02 15:35:00,Zone_8,13.77,15.4,16.06,150.0,81.46,26.62,65.43,95.03,30.27,2.89,68.83,9.55,0.712,66.27,79.28,13.01,98.74,1
2026-01-02 15:40:00,Zone_1,34.19,36.29,36.49,150.0,68.18,20.14,28.92,111.13,13.01,5.41,93.19,3.06,0.755,96.67,26.97,0.0,29.92,0
2026-01-02 15:45:00,Zone_8,21.16,21.49,25.24,150.0,85.3,22.88,79.09,93.38,15.32,6.02,64.78,13.43,0.718,79.08,112.51,33.43,100.01,1
2026-01-02 15:50:00,Zone_1,11.54,13.62,19.97,103.76,65.59,19.59,19.11,84.62,7.45,14.51,46.31,3.51,0.578,78.31,16.34,0.0,24.4,0
2026-01-02 15:55:00,Zone_4,7.9,8.31,9.94,90.13,70.11,11.9,50.08,139.51,35.92,10.77,56.22,11.57,0.609,89.4,49.4,0.0,56.02,0
2026-01-02 16:00:00,Zone_4,5.67,8.45,15.72,60.94,42.42,10.27,48.54,59.03,17.68,8.43,92.26,16.67,0.829,48.59,65.53,16.94,99.9,0
2026-01-02 16:05:00,Zone_6,7.46,8.29,9.13,85.29,61.85,5.96,48.78,101.31,17.55,14.56,45.69,12.35,0.596,83.53,48.79,0.0,58.4,0
2026-01-02 16:10:00,Zone_5,6.21,8.68,10.06,62.3,29.73,2.0,28.22,129.16,5.71,13.64,72.3,7.58,0.682,121.78,25.07,0.0,23.17,0
2026-01-02 16:15:00,Zone_6,2.96,3.05,3.63,35.12,21.98,2.0,32.16,110.29,29.38,8.17,48.78,16.36,0.596,77.88,26.64,0.0,41.29,0
2026-01-02 16:20:00,Zone_5,5.17,6.22,9.61,42.07,28.13,2.0,18.32,128.69,11.35,13.68,59.32,7.59,0.648,114.08,16.07,0.0,16.06,0
2026-01-02 16:25:00,Zone_6,4.07,6.51,8.42,35.53,14.02,2.0,26.96,76.95,31.62,6.66,49.4,15.46,0.596,52.62,25.47,0.0,51.24,0
2026-01-02 16:30:00,Zone_3,8.04,8.56,11.88,55.34,23.13,3.8,47.62,70.84,17.85,4.23,87.98,13.37,0.839,58.2,48.27,0.0,81.83,0
2026-01-02 16:35:00,Zone_4,3.67,6.84,11.86,40.77,23.78,2.0,14.22,125.87,33.81,4.26,74.55,5.89,0.722,83.31,13.49,0.0,17.06,0
2026-01-02 16:40:00,Zone_1,35.3,37.29,40.05,150.0,105.43,21.26,56.36,82.44,28.77,10.27,90.11,18.39,0.797,58.72,170.89,112.17,95.98,1
2026-01-02 16:45:00,Zone_5,20.92,22.69,26.15,150.0,86.64,13.98,52.5,112.42,25.17,8.01,79.42,6.41,0.727,84.12,54.35,0.0,62.41,0
2026-01-02 16:50:00,Zone_8,8.76,9.63,19.21,102.69,64.25,16.45,45.5,59.04,20.34,10.23,93.55,19.82,0.793,47.03,125.56,78.53,96.75,1
2026-01-02 16:55:00,Zone_5,8.73,10.05,11.29,95.6,78.4,8.51,21.96,116.8,5.4,10.61,70.49,3.12,0.714,110.49,16.59,0.0,19.88,0
2026-01-02 17:00:00,Zone_1,7.84,9.66,11.22,90.78,52.78,2.9,37.8,97.15,45.44,1.31,76.94,7.48,0.721,53.01,38.05,0.0,71.3,0
2026-01-02 17:05:00,Zone_6,6.5,7.78,12.21,72.7,47.34,2.0,30.68,70.52,33.55,1.76,73.82,6.4,0.713,46.86,25.81,0.0,65.47,0
2026-01-02 17:10:00,Zone_5,8.36,10.75,14.06,94.79,60.34,4.12,13.84,91.98,9.72,8.46,69.21,3.24,0.702,83.04,16.76,0.0,16.67,0
2026-01-02 17:15:00,Zone_7,5.18,6.31,7.0,47.48,28.61,2.0,45.4,111.21,11.11,3.67,87.3,15.45,0.788,98.85,44.99,0.0,45.93,0
2026-01-02 17:20:00,Zone_3,4.4,4.85,6.5,43.21,48.11,7.2,38.95,46.13,17.29,9.86,77.23,14.79,0.74,38.15,36.79,0.0,102.08,0
2026-01-02 17:25:00,Zone_4,8.65,9.13,11.33,50.62,36.57,2.0,52.85,105.56,26.77,8.73,85.07,16.47,0.779,77.3,50.53,0.0,68.37,0
2026-01-02 17:30:00,Zone_1,2.54,2.55,4.45,28.03,0.0,2.0,9.44,96.45,37.57,9.2,84.32,7.36,0.79,60.21,12.69,0.0,15.68,0
2026-01-02 17:35:00,Zone_4,27.04,27.76,28.44,150.0,115.84,11.61,46.77,65.93,21.97,5.23,54.55,10.55,0.702,51.45,86.43,34.99,90.91,1
2026-01-02 17:40:00,Zone_7,24.84,27.6,36.64,150.0,100.8,11.65,90.42,116.53,22.45,9.96,77.51,14.2,0.774,90.37,128.34,37.97,100.06,1
2026-01-02 17:45:00,Zone_5,13.59,16.75,21.78,136.37,84.16,8.98,65.77,73.83,6.8,12.61,54.98,10.48,0.614,68.81,68.23,0.0,95.59,0
2026-01-02 17:50:00,Zone_5,12.29,12.74,15.04,139.98,107.18,9.42,63.56,71.3,11.77,14.97,74.17,14.85,0.757,62.91,122.47,59.56,101.03,1
2026-01-02 17:55:00,Zone_8,14.14,20.54,24.52,150.0,88.16,17.57,41.87,89.77,57.3,12.74,78.87,13.78,0.713,38.33,114.57,76.23,109.24,1
2026-01-02 18:00:00,Zone_7,15.7,17.1,25.06,150.0,118.09,8.43,44.65,109.23,12.34,8.8,94.86,4.95,0.807,95.76,46.61,0.0,46.62,0
2026-01-02 18:05:00,Zone_1,8.99,13.97,14.48,101.29,66.96,2.0,75.87,133.24,10.0,3.71,46.53,16.28,0.604,119.92,77.43,0.0,63.27,0
2026-01-02 18:10:00,Zone_8,7.03,9.49,10.49,65.03,54.34,2.0,41.6,58.43,11.8,10.54,49.56,15.25,0.618,51.53,47.68,0.0,80.73,0
2026-01-02 18:15:00,Zone_3,8.72,11.28,14.02,89.58,95.04,2.0,62.77,82.66,18.48,14.13,48.85,14.15,0.612,67.39,60.36,0.0,93.14,0
2026-01-02 18:20:00,Zone_8,14.55,14.73,20.35,150.0,99.66,3.55,49.59,51.36,12.15,3.97,64.92,5.64,0.657,45.13,43.2,0.0,109.89,0
2026-01-02 18:25:00,Zone_2,10.05,10.54,10.67,108.25,69.2,2.0,44.79,117.06,13.43,4.58,86.08,7.56,0.763,101.34,48.53,0.0,44.2,0
2026-01-02 18:30:00,Zone_1,8.14,8.16,22.64,73.99,35.29,2.0,47.76,87.53,6.05,3.09,87.2,9.68,0.79,82.23,44.03,0.0,58.07,0
2026-01-02 18:35:00,Zone_2,9.03,11.55,13.67,106.7,67.91,2.0,52.41,112.16,1.85,11.31,81.85,7.76,0.752,110.08,48.4,0.0,47.61,0
2026-01-02 18:40:00,Zone_7,6.09,6.94,8.49,53.25,22.18,2.0,25.86,75.61,30.15,6.69,89.84,6.87,0.826,52.81,23.51,0.0,48.96,0
2026-01-02 18:45:00,Zone_6,33.87,36.96,38.17,150.0,95.26,4.0,109.22,125.21,9.51,1.88,61.14,16.69,0.647,113.3,126.07,12.76,96.4,0
2026-01-02 18:50:00,Zone_2,21.61,22.44,23.11,150.0,132.24,6.5,64.48,95.81,30.55,13.25,49.41,13.85,0.588,66.54,94.98,28.44,96.9,1
2026-01-02 18:55:00,Zone_3,10.52,13.94,19.43,123.52,81.72,2.0,67.18,134.64,18.79,8.81,47.91,12.61,0.541,109.35,65.52,0.0,61.44,0
2026-01-02 19:00:00,Zone_8,33.37,33.65,44.53,150.0,90.86,8.61,45.91,52.49,13.8,5.64,87.61,6.84,0.814,45.25,64.99,19.75,101.47,0
2026-01-02 19:05:00,Zone_6,20.07,20.45,22.32,150.0,94.98,13.94,76.23,93.86,16.3,5.82,81.52,18.61,0.767,78.55,166.57,88.01,97.04,1
2026-01-02 19:10:00,Zone_8,19.3,20.14,30.8,150.0,92.56,14.05,51.04,117.81,15.36,5.06,79.93,6.25,0.681,99.72,49.66,0.0,51.19,0
2026-01-02 19:15:00,Zone_2,16.26,17.31,23.38,150.0,110.08,16.23,74.47,102.01,24.43,7.38,61.98,16.51,0.673,77.09,129.72,52.62,96.59,1
2026-01-02 19:20:00,Zone_8,13.91,14.76,17.06,150.0,96.42,27.25,42.19,47.2,8.07,5.72,64.0,19.43,0.658,43.39,149.17,105.78,97.22,1
2026-01-02 19:25:00,Zone_7,11.82,14.7,18.63,139.39,109.91,24.75,97.21,137.37,27.34,8.67,92.91,15.36,0.838,99.81,139.52,39.7,97.39,1
2026-01-02 19:30:00,Zone_6,10.78,10.98,12.98,117.66,72.69,30.24,48.27,73.34,37.41,11.83,48.19,19.88,0.588,45.9,106.93,61.03,105.16,1
2026-01-02 19:35:00,Zone_7,20.68,21.55,24.41,150.0,94.48,38.87,34.63,68.68,42.18,10.44,83.69,14.07,0.744,39.71,122.16,82.45,87.21,1
2026-01-02 19:40:00,Zone_2,9.68,13.32,13.52,110.83,61.28,30.92,42.61,91.14,10.82,5.12,60.48,6.7,0.704,81.28,40.66,0.0,52.42,0
2026-01-02 19:45:00,Zone_7,42.21,42.35,46.52,150.0,92.9,35.45,48.74,96.51,36.1,8.4,46.95,6.46,0.632,61.67,47.66,0.0,79.03,1
2026-01-02 19:50:00,Zone_3,26.05,31.76,31.95,150.0,76.7,22.57,62.39,117.8,40.06,12.76,82.13,8.52,0.755,70.61,75.03,4.43,88.36,0
2026-01-02 19:55:00,Zone_2,12.9,21.48,27.43,133.89,61.47,22.1,24.36,82.36,22.86,1.95,61.55,3.12,0.669,63.53,21.74,0.0,38.33,0
2026-01-02 20:00:00,Zone_2,8.52,8.71,14.81,69.13,52.43,19.79,61.17,86.8,24.12,2.1,81.11,14.59,0.742,65.86,58.18,0.0,92.88,0
2026-01-02 20:05:00,Zone_2,10.34,11.03,11.98,114.43,53.43,8.43,45.98,95.82,7.14,8.79,80.38,7.57,0.701,88.98,47.19,0.0,51.67,0
2026-01-02 20:10:00,Zone_1,12.97,13.9,15.27,129.36,88.96,17.43,57.79,82.47,30.29,9.95,71.74,16.86,0.748,57.48,126.91,69.43,100.53,1
2026-01-02 20:15:00,Zone_8,6.5,9.5,11.8,77.28,44.23,12.06,41.6,131.88,3.74,3.96,83.87,9.11,0.745,126.95,40.8,0.0,32.77,0
2026-01-02 20:20:00,Zone_1,8.08,9.89,13.07,94.59,72.76,7.36,68.97,125.87,15.3,11.43,74.05,11.16,0.758,106.61,62.27,0.0,64.69,0
2026-01-02 20:25:00,Zone_1,10.7,12.77,13.96,124.37,60.16,7.86,60.9,88.22,31.3,10.05,59.33,19.42,0.668,60.61,125.38,64.77,100.49,1
2026-01-02 20:30:00,Zone_3,11.63,14.46,17.61,130.31,91.88,11.81,32.39,45.02,27.29,13.93,81.71,7.12,0.767,32.73,55.34,22.61,98.97,0
2026-01-02 20:35:00,Zone_6,11.78,12.03,13.26,107.67,73.97,10.65,90.1,130.59,32.16,3.37,74.46,15.26,0.721,88.59,92.16,3.57,101.71,0
2026-01-02 20:40:00,Zone_8,6.05,9.63,9.83,64.94,46.56,7.41,43.37,56.81,30.76,11.52,45.64,15.84,0.599,39.33,47.94,8.6,110.26,0
2026-01-02 20:45:00,Zone_7,6.47,8.91,8.92,58.45,51.48,5.86,29.94,68.23,23.1,2.17,90.08,6.76,0.772,52.47,23.73,0.0,57.07,0
2026-01-02 20:50:00,Zone_5,8.13,9.86,10.23,75.36,49.83,3.28,43.75,59.47,21.86,8.91,72.28,11.52,0.751,46.47,50.73,4.25,94.14,0
2026-01-02 20:55:00,Zone_2,15.86,20.27,25.77,150.0,68.13,10.78,42.69,62.08,31.95,8.73,88.43,8.95,0.796,42.25,83.19,40.95,101.05,1
2026-01-02 21:00:00,Zone_7,9.92,12.33,23.72,111.05,77.57,13.68,56.37,121.27,51.0,6.44,89.14,16.12,0.841,59.43,117.04,57.62,94.86,1
2026-01-02 21:05:00,Zone_2,6.15,6.6,8.55,58.27,41.71,6.66,48.98,100.05,20.93,12.82,67.25,13.58,0.683,79.11,42.02,0.0,61.92,0
2026-01-02 21:10:00,Zone_3,4.71,5.83,8.35,48.95,28.88,2.0,29.96,135.83,13.3,1.06,70.38,11.09,0.706,117.76,29.82,0.0,25.45,0
2026-01-02 21:15:00,Zone_2,5.77,7.13,7.69,67.63,33.86,2.0,45.67,66.99,34.81,8.28,65.79,16.25,0.687,43.67,58.7,15.03,104.57,0
2026-01-02 21:20:00,Zone_1,15.52,15.63,18.43,97.41,58.98,2.0,36.86,91.14,15.77,4.04,67.47,7.0,0.705,76.76,37.36,0.0,48.02,0
2026-01-02 21:25:00,Zone_8,6.66,12.84,13.39,77.43,67.83,2.0,67.74,137.86,50.97,11.41,89.76,15.81,0.853,67.59,81.23,13.64,100.22,0
2026-01-02 21:30:00,Zone_5,4.21,4.48,7.79,49.14,20.9,2.0,45.95,123.51,17.69,1.6,84.41,17.71,0.759,101.66,51.37,0.0,45.2,0
2026-01-02 21:35:00,Zone_4,23.94,26.33,35.8,150.0,76.62,5.89,90.58,114.22,21.86,12.64,51.33,17.94,0.603,89.25,126.14,36.89,101.5,1
2026-01-02 21:40:00,Zone_2,11.26,12.67,13.43,128.65,66.0,7.76,55.06,62.95,17.08,12.73,75.52,16.32,0.727,52.2,118.74,66.54,105.49,1
2026-01-02 21:45:00,Zone_7,6.55,6.61,11.67,59.73,38.4,7.76,33.05,118.09,39.19,12.66,94.8,9.94,0.755,71.81,34.83,0.0,46.02,0
2026-01-02 21:50:00,Zone_1,5.91,11.08,11.17,63.75,61.49,8.19,61.51,78.02,12.45,3.14,74.78,19.69,0.707,68.31,69.05,0.75,90.05,0
2026-01-02 21:55:00,Zone_4,7.4,11.22,12.87,79.91,78.4,4.38,48.91,95.4,21.47,9.83,84.29,9.45,0.757,74.92,44.46,0.0,65.28,0
2026-01-02 22:00:00,Zone_5,5.06,6.55,6.96,55.25,43.72,2.0,54.47,102.87,41.74,1.2,83.45,13.86,0.846,59.93,50.4,0.0,90.88,0
2026-01-02 22:05:00,Zone_4,6.1,6.62,8.14,65.62,30.88,2.0,22.01,102.89,20.33,12.87,62.52,5.74,0.67,81.97,19.63,0.0,26.85,0
2026-01-02 22:10:00,Zone_1,5.95,6.21,6.87,61.84,29.7,2.0,64.04,114.02,25.19,11.12,63.59,19.67,0.683,85.29,64.59,0.0,75.08,0
2026-01-02 22:15:00,Zone_8,5.24,6.14,7.77,39.89,36.44,2.0,32.22,107.86,16.08,8.44,81.2,14.97,0.712,90.52,33.06,0.0,35.6,0
2026-01-02 22:20:00,Zone_8,8.53,9.12,11.01,89.5,74.16,4.59,42.16,51.5,24.39,11.23,70.0,15.81,0.698,38.94,76.82,37.88,108.28,0
2026-01-02 22:25:00,Zone_6,14.36,15.78,17.03,120.62,70.7,2.0,27.85,88.45,7.66,2.32,73.53,4.12,0.746,81.67,28.81,0.0,34.1,0
2026-01-02 22:30:00,Zone_8,6.96,13.75,17.49,82.77,70.89,2.0,85.71,108.08,9.62,8.4,80.65,15.98,0.829,97.68,85.24,0.0,87.74,0
2026-01-02 22:35:00,Zone_6,4.44,6.15,14.94,40.72,23.71,2.0,38.33,73.12,5.67,5.08,83.88,16.17,0.749,68.97,38.35,0.0,55.58,0
2026-01-02 22:40:00,Zone_4,3.9,8.32,10.11,31.05,28.75,2.0,21.47,74.74,46.3,14.62,58.58,14.42,0.588,40.13,20.49,0.0,53.5,0
2026-01-02 22:45:00,Zone_3,64.9,67.0,67.75,150.0,111.25,12.69,44.26,56.83,19.95,13.0,52.34,7.96,0.588,45.5,54.66,9.17,97.29,0
2026-01-02 22:50:00,Zone_7,80.33,81.61,82.72,150.0,79.72,21.46,79.27,84.77,4.61,11.27,59.59,11.32,0.625,80.86,82.55,1.69,98.04,0
2026-01-02 22:55:00,Zone_7,43.97,47.83,54.56,150.0,102.92,17.37,44.01,138.75,12.65,14.07,70.38,4.88,0.679,121.2,38.64,0.0,36.31,0
2026-01-02 23:00:00,Zone_4,54.61,55.89,58.85,150.0,114.64,26.36,72.08,72.11,0.22,5.86,62.11,11.02,0.688,71.94,88.4,16.45,100.19,1
2026-01-02 23:05:00,Zone_2,25.74,29.8,31.92,150.0,90.77,22.69,61.78,95.49,3.26,13.61,73.42,7.15,0.727,92.37,60.63,0.0,66.88,0
2026-01-02 23:10:00,Zone_2,17.98,18.67,19.24,150.0,84.82,16.21,60.27,115.61,8.43,5.55,47.67,8.93,0.555,105.86,57.8,0.0,56.93,0
2026-01-02 23:15:00,Zone_8,9.43,9.71,11.8,112.87,79.3,13.21,34.34,46.28,9.89,11.26,70.49,5.76,0.745,41.7,37.69,0.0,82.34,0
2026-01-02 23:20:00,Zone_7,8.16,12.03,13.17,74.18,49.82,7.9,31.91,130.54,16.79,11.31,63.4,6.91,0.724,108.63,28.86,0.0,29.38,0
2026-01-02 23:25:00,Zone_7,8.5,10.27,20.31,53.36,30.76,4.55,12.65,81.72,24.04,1.26,71.73,4.3,0.658,62.08,11.74,0.0,20.37,0
2026-01-02 23:30:00,Zone_6,18.84,23.24,30.78,150.0,97.47,9.8,85.45,127.57,30.17,6.05,66.13,18.64,0.716,89.08,155.68,66.61,95.92,1
2026-01-02 23:35:00,Zone_3,10.85,16.4,16.71,119.77,57.8,14.57,42.22,48.7,10.93,1.27,59.21,12.02,0.641,43.38,71.75,28.37,97.33,0
2026-01-02 23:40:00,Zone_1,11.7,11.81,14.35,139.57,95.58,14.64,33.43,58.84,44.79,14.96,90.21,9.74,0.773,32.48,81.75,49.26,102.92,1
2026-01-02 23:45:00,Zone_2,18.92,20.31,21.21,150.0,116.61,10.2,66.19,75.64,11.06,2.71,54.24,12.1,0.578,67.27,81.5,14.23,98.38,1
2026-01-02 23:50:00,Zone_7,15.89,16.83,18.68,150.0,88.92,16.7,65.81,77.82,17.98,8.6,79.07,13.68,0.732,63.82,116.8,52.97,103.11,1
2026-01-02 23:55:00,Zone_6,10.5,12.47,19.8,125.5,71.64,22.55,98.87,125.54,17.8,12.07,91.23,18.67,0.791,103.19,144.08,40.89,95.82,1
2026-01-03 00:00:00,Zone_5,10.99,14.15,16.77,110.84,74.12,21.78,33.8,46.06,3.35,3.82,71.93,6.04,0.714,44.52,37.17,0.0,75.91,0
2026-01-03 00:05:00,Zone_6,16.0,16.66,18.09,150.0,131.65,25.85,59.97,105.91,40.01,7.79,88.82,8.02,0.858,63.53,80.37,16.84,94.4,1
2026-01-03 00:10:00,Zone_2,8.8,10.43,11.25,103.26,80.32,26.0,43.32,57.47,20.91,9.5,51.24,19.59,0.591,45.45,92.97,47.52,95.3,1
2026-01-03 00:15:00,Zone_2,8.15,10.61,16.25,93.43,59.6,15.45,44.8,123.21,5.42,3.24,69.69,9.31,0.656,116.53,44.4,0.0,38.45,0
2026-01-03 00:20:00,Zone_6,7.68,7.97,11.4,91.0,59.62,11.45,15.27,118.96,31.42,11.9,67.85,3.38,0.679,81.59,16.27,0.0,18.72,0
2026-01-03 00:25:00,Zone_1,13.6,16.96,19.17,147.81,110.46,10.18,34.97,92.49,6.22,5.19,45.41,5.51,0.608,86.74,38.53,0.0,40.32,0
2026-01-03 00:30:00,Zone_4,12.01,13.87,14.73,126.57,71.36,3.87,18.97,65.21,15.32,3.95,67.16,3.45,0.678,55.22,23.03,0.0,34.35,0
2026-01-03 00:35:00,Zone_2,8.86,14.83,16.25,93.6,68.18,2.0,87.27,105.28,11.7,8.82,63.45,19.83,0.687,92.96,99.14,6.18,93.87,0
2026-01-03 00:40:00,Zone_6,11.44,12.27,23.52,106.7,55.95,2.0,44.67,59.84,22.36,6.74,78.49,7.74,0.748,46.47,48.02,1.56,96.14,0
2026-01-03 00:45:00,Zone_7,14.04,14.27,16.84,132.96,97.52,11.14,51.67,63.05,12.43,13.88,91.92,18.7,0.811,55.21,156.92,101.71,93.59,1
2026-01-03 00:50:00,Zone_6,11.25,12.67,14.46,117.83,73.06,9.27,80.45,104.54,20.34,13.32,49.29,19.93,0.644,83.27,117.64,34.37,96.62,0
2026-01-03 00:55:00,Zone_3,4.63,4.81,7.39,55.36,38.39,4.52,39.66,139.17,16.17,7.77,61.37,13.2,0.628,116.66,35.68,0.0,34.0,0
2026-01-03 01:00:00,Zone_4,3.91,10.89,16.18,25.54,12.29,2.0,1.13,129.65,30.76,6.03,67.2,3.56,0.655,89.78,4.64,0.0,1.25,0
2026-01-03 01:05:00,Zone_5,3.25,3.33,4.78,29.23,27.39,2.0,7.5,101.35,11.58,5.56,67.76,4.39,0.662,89.61,6.6,0.0,8.37,0
2026-01-03 01:10:00,Zone_1,38.04,40.84,41.53,150.0,95.4,10.88,56.03,96.16,36.78,4.75,83.74,11.19,0.779,60.8,101.68,40.88,92.15,1
2026-01-03 01:15:00,Zone_8,20.68,22.17,25.25,150.0,123.4,3.01,75.44,139.85,8.62,8.62,67.17,9.9,0.687,127.79,79.44,0.0,59.03,0
2026-01-03 01:20:00,Zone_5,9.68,10.6,14.43,108.38,87.47,2.0,68.75,97.0,25.49,12.27,46.36,13.31,0.603,72.28,67.64,0.0,95.12,0
2026-01-03 01:25:00,Zone_4,13.4,13.53,17.9,115.93,59.7,2.0,57.27,84.91,33.61,5.35,80.51,10.46,0.75,56.37,70.76,14.39,101.59,0
2026-01-03 01:30:00,Zone_4,10.05,12.0,19.48,118.06,79.04,2.0,96.78,131.41,26.69,3.66,89.24,18.88,0.79,96.34,137.01,40.68,100.46,0
2026-01-03 01:35:00,Zone_4,9.77,11.53,13.15,97.17,71.98,2.0,60.95,67.25,12.57,7.66,70.7,12.09,0.713,58.79,65.18,6.39,103.67,0
2026-01-03 01:40:00,Zone_5,4.24,4.9,5.18,50.86,27.56,2.0,38.7,54.26,26.22,1.97,74.06,14.79,0.771,40.04,45.13,5.09,96.67,0
2026-01-03 01:45:00,Zone_7,6.69,11.52,22.64,33.79,36.52,2.0,28.67,105.24,14.19,10.82,53.15,18.24,0.581,90.31,27.85,0.0,31.75,0
2026-01-03 01:50:00,Zone_4,5.64,6.36,8.36,65.5,55.71,2.0,15.72,54.11,14.85,8.26,56.03,5.5,0.603,46.07,16.87,0.0,34.12,0
2026-01-03 01:55:00,Zone_6,7.05,8.25,11.66,82.85,52.85,2.0,32.14,80.45,31.93,7.95,56.76,6.91,0.635,54.76,28.26,0.0,58.68,0
2026-01-03 02:00:00,Zone_5,6.56,8.13,11.97,71.45,58.22,2.0,17.2,85.24,6.83,5.21,66.54,4.82,0.744,79.42,19.94,0.0,21.66,0
2026-01-03 02:05:00,Zone_8,3.4,3.61,6.38,32.42,0.0,2.0,12.0,97.02,29.51,13.67,91.41,5.37,0.775,68.38,10.5,0.0,17.55,0
2026-01-03 02:10:00,Zone_4,4.7,10.08,10.88,52.04,50.12,2.0,30.24,139.21,6.5,2.27,71.09,11.71,0.705,130.16,33.43,0.0,23.23,0
2026-01-03 02:15:00,Zone_6,6.39,7.33,12.25,60.85,50.19,2.0,24.22,65.99,5.8,13.18,54.6,8.46,0.597,62.16,23.89,0.0,38.96,0
2026-01-03 02:20:00,Zone_7,6.25,6.42,12.11,64.43,28.83,2.0,28.56,80.7,35.51,6.27,58.3,10.19,0.653,52.04,33.38,0.0,54.89,0
2026-01-03 02:25:00,Zone_3,3.17,4.15,6.97,37.42,27.34,2.0,35.6,57.56,21.78,13.33,64.2,19.7,0.609,45.03,34.92,0.0,79.07,0
2026-01-03 02:30:00,Zone_7,6.38,8.21,10.56,69.61,20.93,2.0,27.38,102.72,22.94,11.2,76.16,5.66,0.7,79.16,21.46,0.0,34.59,0
2026-01-03 02:35:00,Zone_8,66.86,68.3,68.72,150.0,88.34,10.28,96.35,114.13,12.36,2.46,67.0,12.19,0.723,100.02,102.91,2.88,96.32,0
2026-01-03 02:40:00,Zone_4,31.8,34.17,34.48,150.0,110.65,10.34,36.05,90.8,17.15,12.64,64.62,4.68,0.673,75.23,36.77,0.0,47.92,0
2026-01-03 02:45:00,Zone_8,15.89,16.0,17.45,150.0,97.35,14.82,57.0,68.35,18.79,10.55,73.24,8.41,0.694,55.51,68.11,12.6,102.68,1
2026-01-03 02:50:00,Zone_5,8.41,9.08,10.39,79.39,50.79,10.62,46.99,103.98,26.21,1.45,57.09,11.97,0.634,76.73,46.86,0.0,61.25,0
2026-01-03 02:55:00,Zone_2,4.86,8.28,19.03,51.57,34.06,3.18,49.06,96.22,15.89,2.87,48.95,19.09,0.593,80.93,45.4,0.0,60.62,0
2026-01-03 03:00:00,Zone_4,2.3,2.47,7.83,25.72,15.86,2.0,12.73,61.26,44.57,9.9,46.22,9.65,0.598,33.96,11.55,0.0,37.47,0
2026-01-03 03:05:00,Zone_2,1.53,5.4,9.18,12.67,20.08,2.0,4.95,83.54,21.88,10.28,57.56,4.1,0.576,65.26,2.33,0.0,7.59,0
2026-01-03 03:10:00,Zone_6,5.76,5.95,8.5,37.01,16.63,2.0,9.73,86.34,47.53,11.45,49.58,9.6,0.567,45.31,15.66,0.0,21.47,0
2026-01-03 03:15:00,Zone_3,10.66,14.26,14.9,57.08,42.13,2.0,15.61,138.35,39.48,11.08,61.82,5.48,0.63,83.72,15.33,0.0,18.64,0
2026-01-03 03:20:00,Zone_1,3.95,4.84,18.28,35.14,9.11,4.05,11.54,125.68,54.28,10.23,83.65,6.91,0.787,57.46,14.87,0.0,20.09,0
2026-01-03 03:25:00,Zone_8,2.82,4.72,6.36,33.7,30.8,2.0,25.5,114.77,29.5,11.73,80.81,13.51,0.754,80.91,26.69,0.0,31.52,0
2026-01-03 03:30:00,Zone_7,1.9,2.23,2.63,20.08,9.2,2.0,6.29,129.43,6.03,9.05,75.55,4.15,0.771,121.63,4.99,0.0,5.17,0
2026-01-03 03:35:00,Zone_3,3.81,3.95,6.33,38.73,24.68,2.0,26.01,114.87,20.12,4.65,87.63,10.9,0.813,91.76,26.69,0.0,28.34,0
2026-01-03 03:40:00,Zone_4,3.74,4.23,11.48,29.37,14.75,2.0,17.03,130.82,4.77,13.77,59.1,13.36,0.635,124.58,19.39,0.0,13.67,0
2026-01-03 03:45:00,Zone_2,9.07,9.35,16.99,107.47,67.03,10.46,35.26,50.18,35.96,1.25,89.25,10.17,0.795,32.14,67.57,35.44,109.71,0
2026-01-03 03:50:00,Zone_7,11.32,12.07,12.11,84.2,42.67,6.07,18.56,88.33,36.43,6.13,64.96,3.33,0.714,56.15,15.54,0.0,33.06,0
2026-01-03 03:55:00,Zone_2,5.83,7.27,14.88,61.75,44.09,2.0,64.02,115.96,18.15,11.2,65.04,19.75,0.718,94.91,68.14,0.0,67.46,0
2026-01-03 04:00:00,Zone_5,14.96,16.74,17.85,135.65,94.83,2.0,67.95,100.41,20.57,6.98,65.27,9.24,0.673,79.76,65.66,0.0,85.19,0
2026-01-03 04:05:00,Zone_2,9.48,12.6,12.74,86.46,40.23,2.25,47.23,61.64,22.65,1.35,49.9,16.24,0.57,47.68,62.23,14.55,99.07,0
2026-01-03 04:10:00,Zone_5,24.31,26.44,33.03,150.0,90.34,3.66,62.44,77.35,18.56,1.92,93.77,8.54,0.756,62.99,75.27,12.28,99.12,0
2026-01-03 04:15:00,Zone_6,31.51,33.38,40.36,150.0,97.86,2.46,57.17,75.19,28.74,10.08,51.93,11.08,0.547,53.58,70.63,17.05,106.71,0
2026-01-03 04:20:00,Zone_7,18.26,19.32,22.5,150.0,90.32,4.38,44.98,69.83,34.95,14.51,62.04,9.6,0.674,45.43,75.56,30.14,99.02,0
2026-01-03 04:25:00,Zone_7,9.68,10.96,13.95,97.86,60.93,8.02,41.79,77.6,47.87,8.73,60.97,8.82,0.668,40.46,44.88,4.43,103.3,0
2026-01-03 04:30:00,Zone_1,6.27,7.34,13.21,57.38,56.69,4.76,9.27,93.91,26.35,8.09,48.73,3.37,0.573,69.16,8.63,0.0,13.4,0
2026-01-03 04:35:00,Zone_4,14.64,18.33,23.73,150.0,85.28,3.93,70.05,126.21,33.4,5.46,52.61,9.12,0.652,84.05,69.39,0.0,83.33,0
2026-01-03 04:40:00,Zone_5,14.38,14.9,22.63,95.16,34.11,2.0,75.01,115.49,12.92,4.59,47.24,18.12,0.58,100.57,77.79,0.0,74.59,0
2026-01-03 04:45:00,Zone_1,7.6,7.62,10.43,67.53,36.71,2.0,56.16,124.35,17.13,1.29,59.62,14.74,0.63,103.05,48.8,0.0,54.5,0
2026-01-03 04:50:00,Zone_2,18.85,20.96,32.97,150.0,93.56,2.0,43.56,128.94,32.78,4.82,88.33,5.47,0.827,86.67,52.78,0.0,50.26,0
2026-01-03 04:55:00,Zone_2,19.33,19.79,39.24,150.0,91.62,9.07,62.73,84.53,21.66,7.29,61.97,13.05,0.691,66.23,105.2,38.98,94.71,1
2026-01-03 05:00:00,Zone_1,11.61,16.03,16.46,134.99,90.97,8.58,62.59,77.87,16.07,3.77,51.18,18.17,0.604,65.36,115.28,49.92,95.76,1
2026-01-03 05:05:00,Zone_7,12.1,16.01,22.64,143.57,80.98,18.86,46.98,50.47,10.53,2.22,77.28,14.9,0.752,45.16,125.12,79.96,104.03,1
2026-01-03 05:10:00,Zone_2,15.99,16.15,18.57,150.0,83.4,7.19,50.16,133.4,10.37,11.05,94.83,5.53,0.843,119.56,54.39,0.0,41.96,0
2026-01-03 05:15:00,Zone_8,11.56,11.78,13.5,125.72,73.62,16.62,34.31,51.25,30.65,13.52,56.62,17.75,0.698,35.55,121.22,85.68,96.52,1
2026-01-03 05:20:00,Zone_6,10.62,11.99,15.31,95.66,54.33,14.2,41.12,115.41,42.7,14.11,58.98,8.13,0.641,66.13,38.75,0.0,62.17,0
2026-01-03 05:25:00,Zone_6,16.53,18.4,18.61,150.0,122.95,17.09,46.37,80.92,36.91,9.65,93.59,10.72,0.783,51.05,97.87,46.82,90.84,1
2026-01-03 05:30:00,Zone_8,15.4,16.05,18.52,150.0,116.13,18.27,88.56,135.13,14.18,1.74,53.94,11.94,0.638,115.98,88.97,0.0,76.36,0
2026-01-03 05:35:00,Zone_1,8.69,11.21,18.38,90.82,39.0,14.63,64.63,84.86,21.68,11.37,70.56,17.46,0.705,66.47,86.9,20.43,97.24,0
2026-01-03 05:40:00,Zone_8,4.14,5.95,6.79,49.01,8.7,6.74,44.04,122.58,30.01,2.54,56.98,18.84,0.638,85.79,45.83,0.0,51.33,0
2026-01-03 05:45:00,Zone_5,3.61,4.4,6.34,26.16,15.97,3.52,30.99,71.85,14.83,10.38,91.62,18.8,0.807,61.2,30.88,0.0,50.64,0
2026-01-03 05:50:00,Zone_5,6.31,6.36,16.18,44.02,51.55,2.0,7.02,73.41,21.34,11.91,94.08,3.14,0.773,57.75,8.29,0.0,12.15,0
2026-01-03 05:55:00,Zone_1,8.99,11.77,13.73,104.85,76.14,2.0,83.11,101.57,19.42,11.16,85.73,18.67,0.787,81.85,119.76,37.91,101.55,0
2026-01-03 06:00:00,Zone_8,9.93,10.42,11.97,102.96,66.53,2.0,21.79,139.81,36.31,14.33,60.74,3.92,0.643,89.04,20.21,0.0,24.48,0
2026-01-03 06:05:00,Zone_5,5.52,9.12,11.15,50.02,27.04,2.0,18.94,94.17,35.58,11.33,65.17,7.52,0.667,60.66,19.5,0.0,31.23,0
2026-01-03 06:10:00,Zone_7,9.21,10.3,12.87,107.33,82.69,2.0,61.39,133.95,35.8,10.7,57.12,11.75,0.624,85.99,61.2,0.0,71.39,0
2026-01-03 06:15:00,Zone_8,4.47,6.19,9.69,51.21,35.42,2.25,34.24,119.69,24.59,4.66,89.54,11.16,0.797,90.26,35.4,0.0,37.93,0
2026-01-03 06:20:00,Zone_7,12.53,16.65,22.3,79.87,72.7,2.0,70.95,120.61,34.78,13.95,90.73,13.28,0.811,78.66,66.94,0.0,90.2,0
2026-01-03 06:25:00,Zone_5,54.88,58.87,60.97,150.0,77.25,10.89,74.72,86.42,13.38,3.51,65.94,11.15,0.679,74.86,88.31,13.45,99.81,0
2026-01-03 06:30:00,Zone_6,28.45,29.38,35.33,150.0,102.58,26.24,56.52,81.72,28.9,13.67,77.83,18.88,0.774,58.1,170.48,112.37,97.28,1
2026-01-03 06:35:00,Zone_5,13.13,13.6,16.27,150.0,90.74,21.72,48.75,63.23,23.45,5.38,53.28,7.09,0.639,48.4,52.86,4.46,100.72,1
2026-01-03 06:40:00,Zone_7,9.22,12.2,13.65,90.8,63.99,14.32,42.53,136.57,53.42,2.82,66.75,7.66,0.682,63.61,36.86,0.0,66.85,0
2026-01-03 06:45:00,Zone_3,10.04,11.18,14.93,103.58,70.33,2.07,103.4,136.14,12.64,12.57,76.57,18.65,0.702,118.94,105.46,0.0,86.94,0
2026-01-03 06:50:00,Zone_4,53.23,53.65,58.08,150.0,103.62,6.43,37.24,115.97,4.65,1.03,64.27,4.3,0.689,110.58,34.59,0.0,33.68,0
2026-01-03 06:55:00,Zone_2,24.32,29.02,31.88,150.0,109.23,14.51,63.18,73.14,13.59,12.65,62.88,13.36,0.655,63.2,102.1,38.9,99.97,1
2026-01-03 07:00:00,Zone_8,14.91,15.35,15.56,138.62,106.78,10.53,58.74,68.29,11.26,4.67,45.05,14.59,0.57,60.6,89.68,29.08,96.93,1
2026-01-03 07:05:00,Zone_3,7.91,7.97,8.62,86.09,79.38,2.0,54.99,138.92,3.53,13.39,85.21,11.59,0.737,134.01,57.18,0.0,41.03,0
2026-01-03 07:10:00,Zone_5,18.26,18.3,19.47,150.0,97.69,12.08,44.76,51.32,16.12,10.68,89.47,14.8,0.81,43.05,139.83,96.79,103.99,1
2026-01-03 07:15:00,Zone_6,17.29,19.23,20.4,150.0,90.99,8.68,62.87,125.14,10.55,10.33,93.47,5.94,0.895,111.94,62.0,0.0,56.17,0
2026-01-03 07:20:00,Zone_1,12.89,15.05,18.97,145.75,80.02,14.97,67.48,78.77,18.2,6.11,80.96,17.49,0.74,64.43,146.68,82.25,104.72,1
2026-01-03 07:25:00,Zone_5,14.8,15.54,15.61,141.7,97.32,16.68,46.84,84.79,38.43,1.83,72.44,5.38,0.731,52.21,43.34,0.0,89.72,0
2026-01-03 07:30:00,Zone_6,12.92,13.69,18.63,107.4,79.83,11.38,56.62,124.04,39.97,12.62,58.46,9.81,0.68,74.46,55.72,0.0,76.04,0
2026-01-03 07:35:00,Zone_4,15.9,16.73,17.81,150.0,81.32,8.41,28.37,53.61,41.88,3.39,94.96,4.28,0.809,31.16,40.4,9.24,91.05,0
2026-01-03 07:40:00,Zone_5,11.36,13.64,14.93,100.37,78.97,4.01,68.39,78.65,14.78,6.21,74.49,12.27,0.65,67.02,62.22,0.0,102.04,0
2026-01-03 07:45:00,Zone_7,8.11,8.23,10.86,69.94,44.25,2.0,58.1,135.44,30.98,9.4,79.06,14.39,0.766,93.48,59.96,0.0,62.16,0
2026-01-03 07:50:00,Zone_1,11.13,16.42,17.27,85.48,40.49,2.0,90.69,111.41,19.22,7.75,79.12,19.0,0.748,90.0,94.49,4.49,100.77,0
2026-01-03 07:55:00,Zone_6,10.77,11.27,18.83,124.17,70.53,2.0,87.56,116.72,18.8,3.78,87.26,15.57,0.796,94.77,119.63,24.85,92.39,0
2026-01-03 08:00:00,Zone_6,10.4,26.45,26.77,109.34,59.75,2.0,64.79,116.96,16.39,2.97,45.48,12.2,0.579,97.8,60.07,0.0,66.25,0
2026-01-03 08:05:00,Zone_6,12.12,12.5,14.55,139.66,79.67,13.8,16.26,50.75,55.04,2.73,56.01,18.85,0.665,22.82,136.17,113.35,71.26,1
2026-01-03 08:10:00,Zone_4,15.28,18.23,24.86,150.0,104.34,15.0,56.38,64.3,9.05,13.08,78.28,11.13,0.738,58.49,95.92,37.43,96.39,1
2026-01-03 08:15:00,Zone_5,12.82,13.33,16.68,150.0,107.87,14.52,71.9,91.67,16.42,1.44,89.76,12.54,0.864,76.62,126.4,49.78,93.84,1
2026-01-03 08:20:00,Zone_4,13.93,14.1,15.31,150.0,117.89,14.79,69.91,79.97,16.14,14.68,79.27,13.13,0.767,67.07,117.57,50.5,104.24,1
2026-01-03 08:25:00,Zone_8,6.81,10.97,12.88,74.23,39.87,13.37,38.57,84.04,6.89,3.78,65.67,9.97,0.709,78.25,40.79,0.0,49.29,0
2026-01-03 08:30:00,Zone_2,7.16,11.07,15.36,78.87,55.38,4.43,72.03,119.24,9.55,2.54,63.08,17.25,0.666,107.86,70.45,0.0,66.79,0
2026-01-03 08:35:00,Zone_2,8.86,9.9,22.57,87.71,49.25,3.1,29.24,46.39,37.44,9.08,81.9,6.15,0.769,29.02,32.24,3.22,100.76,0
2026-01-03 08:40:00,Zone_8,14.52,16.94,24.77,139.9,91.18,4.9,77.85,107.75,22.17,2.12,82.06,12.43,0.71,83.86,96.0,12.13,92.83,0
2026-01-03 08:45:00,Zone_5,7.37,9.0,10.46,71.49,28.7,9.0,36.39,45.01,24.5,9.43,75.35,15.28,0.709,33.99,60.26,26.28,107.08,0
2026-01-03 08:50:00,Zone_7,29.51,33.35,55.46,150.0,84.02,29.76,32.01,50.99,35.85,12.91,59.57,18.37,0.68,32.71,145.76,113.05,97.85,1
2026-01-03 08:55:00,Zone_4,15.49,16.25,16.26,150.0,107.14,36.84,80.1,83.79,7.96,1.67,91.26,18.03,0.804,77.12,169.15,92.03,103.86,1
2026-01-03 09:00:00,Zone_1,25.06,26.55,26.64,150.0,79.7,28.57,94.15,124.89,12.41,12.2,72.59,11.65,0.679,109.39,92.31,0.0,86.07,0
2026-01-03 09:05:00,Zone_6,13.89,15.22,21.29,150.0,104.88,39.95,44.19,58.77,19.32,6.52,84.52,13.93,0.752,47.42,122.26,74.84,93.19,1
2026-01-03 09:10:00,Zone_6,6.41,7.28,8.06,76.72,41.75,33.48,34.58,97.69,22.02,3.23,55.72,9.7,0.608,76.18,35.19,0.0,45.4,0
2026-01-03 09:15:00,Zone_5,8.85,13.29,13.51,91.59,36.43,26.22,50.82,109.46,33.4,3.47,62.2,10.96,0.66,72.89,51.51,0.0,69.72,0
2026-01-03 09:20:00,Zone_7,6.26,6.63,7.57,55.68,5.73,24.49,41.75,66.81,39.8,13.86,88.73,18.41,0.769,40.22,61.26,21.05,103.8,0
2026-01-03 09:25:00,Zone_2,6.92,7.25,9.19,66.96,61.09,19.77,62.02,93.67,34.88,2.55,47.51,18.82,0.63,61.0,61.78,0.78,101.66,0
2026-01-03 09:30:00,Zone_2,7.32,9.05,13.64,63.91,18.67,12.64,62.23,131.58,32.13,13.13,70.62,18.22,0.709,89.3,64.25,0.0,69.68,0
2026-01-03 09:35:00,Zone_6,33.88,36.02,39.45,150.0,96.73,8.89,43.65,93.66,25.22,8.62,69.09,5.35,0.654,70.04,40.81,0.0,62.32,0
2026-01-03 09:40:00,Zone_5,22.85,23.28,24.23,150.0,101.75,29.24,41.21,59.95,31.92,1.55,82.56,17.45,0.809,40.81,164.69,123.88,100.99,1
2026-01-03 09:45:00,Zone_4,10.57,11.57,14.01,124.66,65.27,27.19,82.07,104.64,21.93,7.5,59.09,19.12,0.644,81.7,119.42,37.72,100.46,1
2026-01-03 09:50:00,Zone_2,7.55,13.4,22.53,74.22,41.6,20.4,35.59,101.26,10.54,12.44,55.95,9.14,0.645,90.58,34.03,0.0,39.28,0
2026-01-03 09:55:00,Zone_4,4.94,5.51,11.41,53.48,40.51,22.67,41.81,47.56,15.63,11.17,91.31,11.82,0.816,40.13,40.09,0.0,104.2,0
2026-01-03 10:00:00,Zone_7,3.42,5.63,7.0,39.58,29.25,17.65,25.8,53.61,45.57,7.84,73.59,16.24,0.73,29.18,36.53,7.35,88.41,0
2026-01-03 10:05:00,Zone_2,4.0,6.7,20.81,37.95,19.14,15.2,22.46,59.89,16.12,13.04,50.23,12.56,0.591,50.24,21.89,0.0,44.72,0
2026-01-03 10:10:00,Zone_2,10.2,11.39,15.7,107.83,72.93,17.35,47.47,57.95,21.74,2.69,54.65,19.89,0.633,45.35,105.62,60.27,104.66,1
2026-01-03 10:15:00,Zone_3,6.84,12.39,12.62,74.96,47.5,16.2,43.77,69.65,40.78,13.74,94.94,10.75,0.82,41.24,51.39,10.15,106.12,0
2026-01-03 10:20:00,Zone_2,7.87,10.54,10.66,71.51,34.83,11.29,56.78,88.14,5.56,12.85,54.78,15.14,0.635,83.24,53.44,0.0,68.21,0
2026-01-03 10:25:00,Zone_8,23.93,25.16,25.8,150.0,111.91,22.78,54.4,80.31,27.5,10.92,75.52,16.47,0.722,58.23,138.78,80.55,93.44,1
2026-01-03 10:30:00,Zone_1,13.06,14.75,19.3,149.46,99.64,19.94,95.2,129.61,21.76,12.45,66.01,11.4,0.671,101.41,88.96,0.0,93.88,0
2026-01-03 10:35:00,Zone_8,8.61,10.97,11.68,78.04,28.62,12.2,85.54,103.15,16.57,8.61,89.28,17.57,0.753,86.06,80.25,0.0,99.4,0
2026-01-03 10:40:00,Zone_5,15.6,17.4,19.9,150.0,103.76,11.07,106.85,128.23,12.57,10.45,82.76,12.28,0.764,112.11,109.44,0.0,95.31,0
2026-01-03 10:45:00,Zone_5,9.64,13.86,14.2,97.41,55.93,11.41,54.47,95.07,20.75,8.85,74.85,10.0,0.731,75.34,55.37,0.0,72.3,0
2026-01-03 10:50:00,Zone_4,8.72,9.61,18.49,90.18,55.14,8.96,23.52,53.54,40.54,5.98,45.54,4.83,0.633,31.83,21.46,0.0,73.88,0
2026-01-03 10:55:00,Zone_8,3.9,4.61,6.08,46.54,30.35,4.87,26.22,89.01,30.81,8.96,88.99,9.69,0.809,61.59,28.38,0.0,42.57,0
2026-01-03 11:00:00,Zone_8,4.97,5.45,13.81,38.22,15.33,2.0,32.31,123.09,10.52,4.6,67.23,15.48,0.664,110.15,30.57,0.0,29.34,0
2026-01-03 11:05:00,Zone_8,3.73,3.8,13.95,36.23,45.18,2.0,41.52,63.44,14.24,7.16,91.58,18.66,0.777,54.41,40.88,0.0,76.31,0
2026-01-03 11:10:00,Zone_7,12.34,12.43,12.45,96.68,44.92,2.0,42.56,53.67,9.77,4.93,69.78,7.28,0.707,48.42,38.69,0.0,87.89,0
2026-01-03 11:15:00,Zone_2,7.64,11.72,13.9,60.96,40.31,2.0,32.41,76.3,13.95,2.72,79.71,9.04,0.726,65.65,31.12,0.0,49.37,0
2026-01-03 11:20:00,Zone_1,7.3,9.57,9.66,71.68,51.17,2.0,11.92,81.95,1.33,5.51,48.46,5.62,0.575,80.85,18.02,0.0,14.75,0
2026-01-03 11:25:00,Zone_4,4.86,7.02,15.4,53.1,35.01,2.0,47.58,74.09,25.46,12.93,82.26,14.74,0.739,55.23,44.99,0.0,86.14,0
2026-01-03 11:30:00,Zone_8,21.95,23.86,26.41,150.0,95.21,13.51,56.14,57.85,7.48,6.34,61.9,19.32,0.65,53.52,146.45,92.93,104.89,1
2026-01-03 11:35:00,Zone_8,11.17,14.95,15.22,126.51,77.7,17.99,59.94,68.83,10.86,11.47,62.57,13.9,0.685,61.35,93.65,32.29,97.69,0
2026-01-03 11:40:00,Zone_3,9.61,10.92,11.33,103.64,57.73,10.06,59.7,109.82,10.95,3.45,50.93,13.49,0.545,97.79,59.26,0.0,61.05,0
2026-01-03 11:45:00,Zone_4,8.45,12.54,14.23,95.12,51.98,7.18,60.18,81.66,8.54,6.94,52.34,12.41,0.651,74.69,59.72,0.0,80.57,0
2026-01-03 11:50:00,Zone_8,6.23,7.12,16.98,61.69,54.0,3.19,11.54,105.09,36.54,2.61,54.29,4.5,0.615,66.69,13.3,0.0,17.3,0
2026-01-03 11:55:00,Zone_4,4.32,9.55,13.68,48.64,26.31,2.0,44.58,95.95,12.54,2.94,61.41,15.4,0.638,83.92,37.17,0.0,53.12,0
2026-01-03 12:00:00,Zone_2,8.22,10.62,17.7,30.2,45.21,2.0,23.28,97.16,18.19,9.64,89.6,13.23,0.825,79.49,25.63,0.0,29.29,0
2026-01-03 12:05:00,Zone_3,5.19,5.79,7.39,60.27,47.21,2.48,46.92,68.61,34.21,9.5,63.41,14.25,0.661,45.14,44.13,0.0,103.94,0
2026-01-03 12:10:00,Zone_4,10.43,12.09,12.25,76.8,17.91,2.0,81.9,94.55,5.22,3.99,81.22,18.28,0.725,89.61,79.13,0.0,91.39,0
2026-01-03 12:15:00,Zone_1,38.88,40.4,53.22,150.0,108.1,12.48,30.27,47.24,31.66,7.64,49.14,16.33,0.55,32.29,104.77,72.49,93.75,1
2026-01-03 12:20:00,Zone_1,21.36,21.65,21.71,150.0,96.86,19.08,72.25,86.02,10.95,13.09,74.55,16.28,0.744,76.6,141.2,64.61,94.33,1
2026-01-03 12:25:00,Zone_5,18.81,20.6,30.92,150.0,80.82,25.76,64.03,99.4,33.94,3.44,69.09,18.76,0.718,65.66,157.22,91.56,97.51,1
2026-01-03 12:30:00,Zone_3,21.81,22.57,24.18,150.0,113.15,40.84,47.01,62.29,26.42,1.27,93.9,19.83,0.807,45.83,186.71,140.88,102.56,1
2026-01-03 12:35:00,Zone_3,12.08,12.19,12.23,127.11,77.39,42.8,49.35,69.37,28.76,10.13,87.31,12.88,0.826,49.42,105.22,55.8,99.86,1
2026-01-03 12:40:00,Zone_5,6.43,12.37,16.46,69.72,39.07,39.46,23.59,65.86,21.72,1.75,67.74,4.85,0.69,51.55,18.14,0.0,45.77,0
2026-01-03 12:45:00,Zone_4,5.63,7.68,21.47,61.1,44.22,35.82,37.73,51.7,22.06,14.72,83.76,10.81,0.809,40.3,41.52,1.22,93.63,0
2026-01-03 12:50:00,Zone_3,4.98,9.17,20.96,44.17,42.43,27.13,31.79,78.05,30.63,9.53,54.65,16.39,0.595,54.14,33.48,0.0,58.71,0
2026-01-03 12:55:00,Zone_1,11.41,13.67,14.28,124.57,82.33,17.32,25.62,138.0,37.54,7.59,73.12,3.47,0.683,86.2,22.98,0.0,29.72,0
2026-01-03 13:00:00,Zone_1,8.99,9.87,10.57,92.23,60.45,18.37,11.45,78.62,23.38,7.02,48.73,3.97,0.578,60.24,16.46,0.0,19.01,0
2026-01-03 13:05:00,Zone_8,4.0,5.44,8.36,41.92,18.89,9.67,7.09,88.75,53.76,9.02,62.4,4.14,0.65,41.03,8.78,0.0,17.28,0
2026-01-03 13:10:00,Zone_2,19.16,21.42,24.97,150.0,111.01,7.26,96.11,107.04,8.01,2.27,56.29,15.43,0.666,98.47,119.87,21.4,97.6,0
2026-01-03 13:15:00,Zone_3,16.42,22.87,27.58,150.0,98.98,11.48,65.95,106.61,36.83,14.02,80.95,11.52,0.764,67.34,102.62,35.27,97.94,1
2026-01-03 13:20:00,Zone_4,12.72,13.31,14.01,150.0,94.79,9.73,71.46,135.24,6.66,9.76,69.5,9.27,0.675,126.23,72.98,0.0,56.61,0
2026-01-03 13:25:00,Zone_5,15.11,19.27,30.45,150.0,93.31,3.49,37.22,126.47,4.8,3.58,82.55,4.8,0.763,120.4,42.69,0.0,30.91,0
2026-01-03 13:30:00,Zone_5,7.95,13.11,16.67,94.01,73.43,2.0,82.3,120.43,20.83,8.88,70.76,15.45,0.691,95.34,78.05,0.0,86.32,0
2026-01-03 13:35:00,Zone_4,32.35,34.57,41.14,150.0,94.35,2.0,60.57,135.4,15.1,2.87,49.32,8.46,0.573,114.96,56.49,0.0,52.69,0
2026-01-03 13:40:00,Zone_7,19.88,25.24,27.96,150.0,109.85,6.99,31.37,66.92,44.56,1.25,81.77,7.51,0.756,37.1,66.28,29.18,84.54,0
2026-01-03 13:45:00,Zone_6,39.08,40.09,41.97,150.0,91.84,12.8,68.84,103.62,34.2,9.83,86.66,14.09,0.778,68.18,127.82,59.64,100.97,1
2026-01-03 13:50:00,Zone_2,22.54,28.66,41.89,150.0,106.17,13.22,72.96,129.28,42.1,10.08,90.18,12.5,0.778,74.86,113.47,38.61,97.46,1
2026-01-03 13:55:00,Zone_5,10.4,12.83,15.88,119.11,79.91,9.88,60.64,104.29,5.46,9.17,73.6,9.16,0.695,98.6,58.96,0.0,61.5,0
2026-01-03 14:00:00,Zone_3,14.84,14.93,21.99,141.18,80.36,8.92,85.67,137.85,37.21,3.57,82.68,13.91,0.788,86.56,120.29,33.74,98.97,0
2026-01-03 14:05:00,Zone_2,17.22,21.97,32.69,150.0,96.46,13.5,41.71,54.53,13.78,9.45,82.6,7.61,0.776,47.02,68.88,21.86,88.7,0
2026-01-03 14:10:00,Zone_3,13.74,15.07,19.0,150.0,71.21,16.23,70.53,86.74,19.86,1.79,52.79,16.51,0.642,69.51,123.72,54.21,101.46,1
2026-01-03 14:15:00,Zone_7,21.68,22.91,25.7,150.0,88.57,6.98,47.24,137.85,14.13,9.53,53.21,6.9,0.608,118.37,48.9,0.0,39.91,0
2026-01-03 14:20:00,Zone_1,11.64,13.31,13.32,130.97,66.2,8.08,24.73,81.06,24.87,8.76,48.54,5.7,0.56,60.9,32.52,0.0,40.61,0
2026-01-03 14:25:00,Zone_2,16.38,16.71,16.85,150.0,121.47,3.07,96.42,115.26,15.17,10.17,61.0,16.3,0.638,97.78,121.29,23.52,98.61,0
2026-01-03 14:30:00,Zone_8,10.61,11.87,12.66,125.11,62.53,8.95,31.08,47.89,23.78,13.54,68.68,15.03,0.724,36.5,105.95,69.44,85.15,0
2026-01-03 14:35:00,Zone_5,13.93,17.49,18.21,62.68,71.77,4.22,26.54,111.01,16.51,12.91,94.89,6.1,0.776,92.68,23.11,0.0,28.64,0
2026-01-03 14:40:00,Zone_2,5.29,5.33,6.35,53.55,40.98,2.0,14.18,133.79,15.03,14.73,66.55,4.98,0.726,113.68,15.05,0.0,12.47,0
2026-01-03 14:45:00,Zone_2,2.84,3.48,4.75,26.35,10.9,2.0,25.81,81.36,26.22,14.67,81.31,17.25,0.723,60.02,25.57,0.0,43.0,0
2026-01-03 14:50:00,Zone_2,3.59,3.6,5.16,20.84,23.22,2.0,21.82,47.02,9.23,11.81,79.67,16.2,0.772,42.68,20.26,0.0,51.13,0
2026-01-03 14:55:00,Zone_6,12.63,13.7,15.61,143.42,85.49,4.2,39.24,47.65,16.64,14.39,55.22,8.56,0.596,39.72,56.88,17.16,98.79,0
2026-01-03 15:00:00,Zone_2,15.3,17.91,18.27,150.0,80.59,2.0,92.88,129.74,24.29,13.14,47.93,14.19,0.572,98.23,94.65,0.0,94.56,0
2026-01-03 15:05:00,Zone_3,7.16,10.36,10.52,74.99,49.69,2.0,22.76,113.64,4.94,11.19,72.3,5.11,0.65,108.03,19.37,0.0,21.07,0
2026-01-03 15:10:00,Zone_1,12.45,18.26,22.18,126.51,90.63,9.69,32.41,55.14,39.41,2.06,80.02,11.62,0.806,33.41,92.12,58.71,97.03,1
2026-01-03 15:15:00,Zone_7,6.86,8.73,11.43,80.23,67.49,3.49,14.06,50.19,11.79,1.69,94.91,3.32,0.842,44.27,17.43,0.0,31.76,0
2026-01-03 15:20:00,Zone_4,5.9,6.49,8.54,37.08,30.08,2.0,20.11,121.46,14.27,12.73,62.93,9.66,0.684,104.13,19.04,0.0,19.31,0
2026-01-03 15:25:00,Zone_2,43.84,49.0,52.52,150.0,91.15,11.0,38.85,121.94,30.72,7.86,89.82,4.27,0.784,84.48,39.09,0.0,45.99,0
2026-01-03 15:30:00,Zone_5,22.09,25.08,31.23,150.0,114.14,15.84,43.99,56.45,20.37,12.4,64.1,11.08,0.643,44.95,83.04,38.09,97.85,1
2026-01-03 15:35:00,Zone_2,22.43,24.14,26.09,150.0,111.46,18.19,61.77,73.64,14.93,5.38,79.47,10.17,0.771,62.65,91.42,28.78,98.6,1
2026-01-03 15:40:00,Zone_5,45.43,47.8,51.39,150.0,100.73,15.19,84.94,119.1,6.97,6.57,74.91,10.55,0.688,110.8,84.78,0.0,76.66,0
2026-01-03 15:45:00,Zone_3,30.07,35.23,45.98,150.0,112.03,17.47,30.03,94.91,29.73,10.8,47.65,3.77,0.583,66.7,25.66,0.0,45.02,0
2026-01-03 15:50:00,Zone_5,21.01,23.5,29.91,150.0,123.72,11.51,57.05,135.88,25.86,13.81,48.92,9.15,0.557,100.74,59.45,0.0,56.63,0
2026-01-03 15:55:00,Zone_8,40.52,41.44,43.39,150.0,90.98,7.36,73.66,90.7,10.11,2.23,46.04,15.86,0.584,81.53,108.04,26.51,90.34,0
2026-01-03 16:00:00,Zone_4,18.32,20.81,24.43,150.0,86.7,2.49,66.01,109.31,14.97,13.06,63.54,9.27,0.61,92.94,66.0,0.0,71.02,0
2026-01-03 16:05:00,Zone_1,40.4,40.48,41.17,150.0,90.63,9.29,81.71,93.43,13.49,12.1,82.29,15.16,0.717,80.83,126.8,45.97,101.09,1
2026-01-03 16:10:00,Zone_5,20.72,21.69,24.57,150.0,81.3,4.04,59.45,134.58,8.93,5.42,53.64,9.28,0.592,122.56,64.14,0.0,48.51,0
2026-01-03 16:15:00,Zone_5,25.58,26.62,40.55,150.0,104.59,7.78,57.78,82.87,30.21,5.97,75.29,10.2,0.745,57.84,88.6,30.76,99.89,1
2026-01-03 16:20:00,Zone_1,17.48,17.85,20.41,150.0,78.18,11.28,38.82,66.83,34.29,1.65,59.44,12.59,0.631,43.91,92.69,48.78,88.39,1
2026-01-03 16:25:00,Zone_4,11.44,11.48,20.67,106.44,84.37,15.85,52.7,76.03,32.67,1.22,84.85,19.16,0.804,51.19,127.51,76.31,102.94,1
2026-01-03 16:30:00,Zone_2,47.29,47.58,49.41,150.0,89.43,15.16,46.42,126.01,15.25,7.68,84.92,4.85,0.82,106.8,46.38,0.0,43.46,0
2026-01-03 16:35:00,Zone_5,28.6,30.73,54.4,150.0,113.8,8.57,28.9,92.3,10.07,2.34,83.77,3.56,0.76,83.01,31.54,0.0,34.82,0
2026-01-03 16:40:00,Zone_1,15.83,19.08,22.11,150.0,66.82,5.05,59.58,78.65,16.46,3.72,71.24,13.34,0.662,65.7,102.97,37.27,90.68,0
2026-01-03 16:45:00,Zone_8,9.11,17.99,18.14,93.91,56.42,4.41,78.88,96.7,23.68,12.85,59.23,19.13,0.675,73.81,94.35,20.54,106.87,0
2026-01-03 16:50:00,Zone_8,8.05,8.9,12.0,42.51,12.11,5.11,41.33,57.66,39.09,8.99,85.47,19.83,0.731,35.12,47.92,12.8,117.69,0
2026-01-03 16:55:00,Zone_3,8.19,10.02,11.14,63.0,57.19,8.21,20.26,45.51,47.31,9.87,54.31,11.23,0.594,23.98,32.71,8.73,84.5,0
2026-01-03 17:00:00,Zone_1,15.54,21.08,21.19,150.0,117.65,11.09,36.52,71.66,43.28,3.62,59.49,10.96,0.596,40.64,76.24,35.6,89.86,1
2026-01-03 17:05:00,Zone_3,10.27,10.63,16.65,118.73,49.04,6.72,62.1,102.48,38.4,12.6,54.2,13.96,0.65,63.12,83.8,20.68,98.38,0
2026-01-03 17:10:00,Zone_8,7.54,10.07,11.2,86.45,66.58,3.01,31.95,112.61,70.0,13.15,78.71,12.45,0.761,33.78,63.66,29.88,94.58,0
2026-01-03 17:15:00,Zone_4,10.5,13.31,18.88,79.92,64.77,2.0,67.13,123.53,6.9,8.33,79.31,13.78,0.795,115.01,68.1,0.0,58.37,0
2026-01-03 17:20:00,Zone_2,6.67,6.86,8.05,45.57,33.53,2.0,46.73,133.03,39.05,13.78,77.63,17.86,0.725,81.08,45.88,0.0,57.64,0
2026-01-03 17:25:00,Zone_1,11.23,15.18,15.93,107.88,77.18,8.02,62.45,84.15,31.25,12.83,65.78,15.69,0.654,57.86,86.11,28.25,107.94,0
2026-01-03 17:30:00,Zone_7,5.14,8.49,21.26,52.66,40.42,2.45,31.48,115.35,17.67,11.24,50.01,11.45,0.584,94.97,27.39,0.0,33.15,0
2026-01-03 17:35:00,Zone_8,4.11,4.17,5.75,36.65,34.26,2.0,22.63,52.09,27.0,11.28,90.56,10.85,0.763,38.03,23.6,0.0,59.52,0
2026-01-03 17:40:00,Zone_8,3.65,3.84,7.06,32.53,8.04,2.0,28.31,50.47,17.67,2.48,70.39,13.87,0.745,41.55,26.14,0.0,68.13,0
2026-01-03 17:45:00,Zone_7,4.87,4.97,8.27,53.2,48.99,2.0,29.06,56.86,33.74,4.79,65.35,10.75,0.778,37.67,34.6,0.0,77.14,0
2026-01-03 17:50:00,Zone_6,5.4,6.21,9.09,52.11,36.39,2.0,31.02,87.61,53.8,1.94,74.44,10.78,0.7,40.48,30.61,0.0,76.65,0
2026-01-03 17:55:00,Zone_8,3.38,4.81,13.42,40.06,27.83,3.74,5.84,65.07,49.05,1.12,54.64,3.28,0.641,33.15,6.55,0.0,17.6,0
2026-01-03 18:00:00,Zone_5,4.37,5.89,9.81,49.85,39.2,4.27,16.83,72.26,21.34,3.22,51.63,5.96,0.603,56.84,13.94,0.0,29.62,0
2026-01-03 18:05:00,Zone_4,13.75,14.37,16.18,125.78,66.51,2.0,78.14,106.55,10.16,13.33,65.28,11.3,0.69,95.73,76.27,0.0,81.62,0
2026-01-03 18:10:00,Zone_1,15.79,20.64,27.58,150.0,78.86,9.97,60.58,79.06,23.01,4.36,56.36,16.99,0.664,60.87,131.5,70.63,99.52,1
2026-01-03 18:15:00,Zone_7,17.29,18.21,18.91,150.0,96.05,5.02,55.71,97.95,23.89,14.58,57.21,7.74,0.602,74.55,54.33,0.0,74.73,0
2026-01-03 18:20:00,Zone_5,9.94,10.03,12.78,106.12,87.5,2.0,64.78,84.18,19.9,9.36,89.63,11.88,0.784,67.43,76.89,9.46,96.07,0
2026-01-03 18:25:00,Zone_7,6.68,7.39,17.91,71.8,32.45,5.54,39.72,61.05,24.03,4.32,71.54,8.86,0.744,46.38,36.82,0.0,85.65,0
2026-01-03 18:30:00,Zone_1,12.12,13.63,17.07,121.08,80.8,2.0,27.96,52.03,47.87,7.96,69.17,4.78,0.711,27.12,32.02,4.9,103.09,0
2026-01-03 18:35:00,Zone_3,23.08,24.13,30.07,150.0,88.9,11.95,48.02,67.44,26.61,4.07,79.47,19.29,0.757,49.5,170.41,120.92,97.02,1
2026-01-03 18:40:00,Zone_1,13.86,14.5,18.21,140.34,81.01,30.03,40.48,50.48,18.78,14.78,92.58,17.53,0.828,41.0,158.46,117.46,98.72,1
2026-01-03 18:45:00,Zone_6,11.14,11.42,17.82,110.63,77.92,24.42,25.7,103.77,34.74,12.86,50.61,4.33,0.621,67.72,23.17,0.0,37.96,0
2026-01-03 18:50:00,Zone_1,6.75,10.17,20.29,76.84,59.06,13.73,77.32,120.59,22.68,1.37,86.68,15.24,0.818,93.25,74.5,0.0,82.92,0
2026-01-03 18:55:00,Zone_1,64.22,75.34,76.46,150.0,88.05,23.88,59.35,77.28,20.27,14.27,74.2,8.91,0.744,61.61,77.29,15.68,96.33,1
2026-01-03 19:00:00,Zone_6,36.46,37.26,37.91,150.0,114.15,40.77,30.69,81.78,58.36,11.09,52.31,19.91,0.61,34.05,141.71,107.66,90.13,1
2026-01-03 19:05:00,Zone_4,20.63,21.59,23.9,150.0,102.57,29.03,61.31,122.54,10.74,2.15,59.86,8.14,0.66,109.38,62.67,0.0,56.05,0
2026-01-03 19:10:00,Zone_8,11.65,13.57,17.81,114.45,71.49,22.89,42.37,66.15,20.5,10.39,69.12,7.06,0.694,52.59,43.58,0.0,80.57,0
2026-01-03 19:15:00,Zone_1,6.68,9.21,10.12,72.96,51.59,21.17,49.64,56.32,10.73,10.06,79.56,12.65,0.725,50.27,52.09,1.81,98.74,0
2026-01-03 19:20:00,Zone_6,16.22,17.22,17.23,150.0,121.94,23.26,64.07,92.61,33.36,4.06,57.13,17.2,0.634,61.71,127.22,65.51,103.82,1
2026-01-03 19:25:00,Zone_5,9.99,14.69,16.16,110.66,80.97,18.86,36.67,106.39,33.34,11.62,71.74,6.27,0.705,70.92,38.08,0.0,51.7,0
2026-01-03 19:30:00,Zone_3,11.48,13.12,25.27,67.44,35.45,17.4,56.08,101.97,9.53,2.22,79.23,15.06,0.695,92.25,54.92,0.0,60.79,0
2026-01-03 19:35:00,Zone_3,4.15,5.35,9.5,45.2,29.15,3.44,9.55,112.82,19.54,7.85,67.44,4.04,0.71,90.78,10.1,0.0,10.52,0
2026-01-03 19:40:00,Zone_1,7.34,9.42,11.22,71.07,47.77,6.14,39.82,50.39,19.48,1.14,88.15,18.62,0.819,40.58,84.31,43.73,98.14,0
2026-01-03 19:45:00,Zone_4,9.2,15.31,16.06,100.2,73.12,3.99,28.5,85.68,25.12,14.56,88.47,4.38,0.809,64.16,27.59,0.0,44.43,0
2026-01-03 19:50:00,Zone_4,25.32,28.48,30.02,150.0,100.37,10.97,60.19,67.66,14.66,11.52,68.53,18.54,0.719,57.74,155.58,97.84,104.24,1
2026-01-03 19:55:00,Zone_5,18.88,18.96,19.62,150.0,120.24,10.57,75.88,117.12,34.54,3.22,93.65,11.34,0.813,76.67,107.59,30.92,98.97,1
2026-01-03 20:00:00,Zone_1,12.58,13.39,13.78,129.15,81.23,9.07,53.95,127.91,26.63,5.78,48.78,10.62,0.578,93.84,61.7,0.0,57.49,0
2026-01-03 20:05:00,Zone_3,9.97,11.24,19.54,106.64,48.56,8.81,57.15,71.73,17.85,3.25,45.17,19.55,0.604,58.93,97.97,39.05,96.99,0
2026-01-03 20:10:00,Zone_4,12.84,13.59,34.78,117.04,78.65,10.39,54.01,54.05,6.91,11.73,64.03,19.84,0.638,50.31,115.28,64.97,107.36,1
2026-01-03 20:15:00,Zone_1,6.17,8.58,9.21,67.96,38.88,13.92,35.57,69.08,52.52,1.82,75.05,14.05,0.692,32.8,51.44,18.64,108.45,0
2026-01-03 20:20:00,Zone_7,11.19,14.69,14.88,132.63,68.16,13.03,42.08,54.88,22.07,12.77,76.46,5.16,0.746,42.77,39.7,0.0,98.38,0
2026-01-03 20:25:00,Zone_4,10.35,12.98,14.38,74.58,40.04,9.21,51.11,75.63,13.84,14.19,68.82,11.6,0.707,65.16,47.58,0.0,78.44,0
2026-01-03 20:30:00,Zone_6,5.2,14.28,16.45,53.81,30.68,6.68,34.31,96.13,64.08,10.47,51.24,12.0,0.634,34.53,31.84,0.0,99.37,0
2026-01-03 20:35:00,Zone_7,3.76,4.39,5.19,29.6,32.92,3.93,18.8,137.5,30.8,3.98,53.52,11.75,0.566,95.15,15.32,0.0,19.75,0
2026-01-03 20:40:00,Zone_8,6.38,10.54,11.8,48.33,13.62,2.0,34.08,82.94,6.98,6.04,87.61,12.68,0.785,77.15,37.43,0.0,44.17,0
2026-01-03 20:45:00,Zone_4,3.92,6.83,7.61,39.95,30.17,2.0,7.64,65.9,25.84,7.68,88.4,3.32,0.758,48.87,7.82,0.0,15.63,0
2026-01-03 20:50:00,Zone_3,24.77,25.66,30.87,150.0,124.15,12.42,43.86,60.85,27.19,9.46,78.69,15.09,0.769,44.3,135.41,91.11,99.0,1
2026-01-03 20:55:00,Zone_2,12.12,14.76,19.13,142.76,90.7,12.75,56.42,61.44,6.56,10.36,78.21,15.11,0.781,57.41,131.05,73.64,98.28,1
2026-01-03 21:00:00,Zone_7,10.22,10.44,13.97,116.48,73.26,11.74,31.52,63.3,16.23,8.76,74.88,4.96,0.74,53.02,33.25,0.0,59.45,0
2026-01-03 21:05:00,Zone_8,6.39,9.51,11.22,73.93,56.69,8.51,44.89,117.42,10.86,5.92,55.15,12.69,0.609,104.66,44.45,0.0,42.89,0
2026-01-03 21:10:00,Zone_5,10.63,12.15,20.54,97.57,69.69,8.03,40.08,50.8,9.24,13.47,66.41,12.66,0.66,46.11,63.38,17.27,86.94,0
2026-01-03 21:15:00,Zone_5,4.57,5.26,17.48,50.3,49.71,5.0,43.44,139.75,33.81,2.14,79.79,14.6,0.737,92.51,42.08,0.0,46.96,0
2026-01-03 21:20:00,Zone_3,7.97,10.11,10.77,72.93,45.4,2.0,15.25,94.66,31.57,7.53,71.86,4.45,0.684,64.77,17.27,0.0,23.55,0
2026-01-03 21:25:00,Zone_4,39.99,42.04,42.93,150.0,105.93,3.36,82.27,96.71,6.3,11.86,45.93,13.65,0.575,90.61,91.55,0.94,90.8,0
2026-01-03 21:30:00,Zone_1,24.31,24.78,27.39,150.0,106.12,9.98,61.13,78.97,21.07,1.85,92.68,7.77,0.791,62.33,71.72,9.39,98.08,0
2026-01-03 21:35:00,Zone_4,27.19,27.26,27.59,150.0,93.47,8.73,92.76,110.57,18.68,10.87,87.24,11.62,0.745,89.92,100.96,11.04,103.17,0
2026-01-03 21:40:00,Zone_3,13.87,15.01,17.01,150.0,96.13,16.61,33.77,89.79,55.15,12.48,58.03,16.15,0.652,40.27,122.74,82.46,83.84,1
2026-01-03 21:45:00,Zone_5,8.11,9.79,12.84,90.2,58.49,7.79,64.87,76.26,12.22,10.25,75.82,15.0,0.743,66.94,78.15,11.21,96.91,0
2026-01-03 21:50:00,Zone_4,8.37,12.56,15.14,88.86,42.91,9.66,18.79,70.19,65.61,1.18,91.16,5.02,0.857,24.14,29.73,5.59,77.84,0
2026-01-03 21:55:00,Zone_5,5.46,10.73,12.14,48.92,27.13,2.0,29.87,132.94,17.26,3.52,49.8,13.05,0.586,110.0,29.1,0.0,27.15,0
2026-01-03 22:00:00,Zone_7,47.17,48.68,51.41,150.0,115.45,16.24,68.01,72.64,8.14,5.79,70.15,19.47,0.644,66.73,146.33,79.6,101.92,1
2026-01-03 22:05:00,Zone_8,26.59,29.39,40.55,150.0,109.95,16.35,38.07,86.46,52.21,4.27,67.81,5.67,0.714,41.32,47.16,5.84,92.12,0
2026-01-03 22:10:00,Zone_1,23.34,24.5,25.31,150.0,90.54,22.41,64.74,78.28,13.95,14.48,65.51,17.5,0.705,67.36,144.01,76.65,96.11,1
2026-01-03 22:15:00,Zone_7,18.56,21.3,25.03,150.0,97.31,31.13,46.9,53.19,9.17,10.12,86.78,14.94,0.818,48.31,142.64,94.32,97.08,1
2026-01-03 22:20:00,Zone_5,13.03,13.49,13.64,144.97,105.89,35.27,57.98,62.66,11.64,5.16,64.03,16.16,0.714,55.37,130.14,74.77,104.72,1
2026-01-03 22:25:00,Zone_5,7.69,8.62,8.86,72.99,52.76,33.45,23.92,63.0,33.84,14.02,48.18,7.79,0.635,41.68,28.11,0.0,57.38,0
2026-01-03 22:30:00,Zone_2,13.01,15.03,17.83,115.58,84.73,31.67,38.53,110.9,29.91,11.37,48.29,7.89,0.562,77.73,39.89,0.0,49.57,0
2026-01-03 22:35:00,Zone_2,8.7,8.74,9.13,95.44,68.45,31.43,60.91,83.63,31.43,4.98,47.14,18.4,0.632,57.34,86.35,29.01,106.22,1
2026-01-03 22:40:00,Zone_7,41.04,43.6,43.68,150.0,100.08,33.21,68.81,119.29,21.02,6.3,65.46,9.12,0.667,94.22,70.99,0.0,73.04,0
2026-01-03 22:45:00,Zone_6,17.68,21.29,21.95,150.0,95.51,30.14,35.8,112.35,28.37,3.79,80.92,4.07,0.779,80.47,36.98,0.0,44.48,0
2026-01-03 22:50:00,Zone_7,21.4,22.42,25.33,150.0,83.16,34.13,51.97,63.24,17.02,14.6,55.19,13.21,0.634,52.48,97.67,45.18,99.03,1
2026-01-03 22:55:00,Zone_2,14.01,15.2,19.46,145.91,103.15,31.44,48.1,98.48,7.14,8.24,77.32,5.12,0.707,91.45,41.12,0.0,52.6,0
2026-01-03 23:00:00,Zone_5,21.4,25.21,26.0,150.0,94.84,27.44,96.0,115.58,12.28,13.54,79.35,16.54,0.782,101.38,150.84,49.46,94.69,1
2026-01-03 23:05:00,Zone_3,14.84,17.83,21.69,150.0,77.73,25.85,62.65,105.14,41.4,5.85,57.76,13.91,0.625,61.62,101.44,39.83,101.68,1
2026-01-03 23:10:00,Zone_7,9.24,9.91,10.62,86.14,49.45,17.77,80.27,102.0,16.14,13.05,75.03,17.87,0.781,85.54,93.5,7.96,93.83,0
2026-01-03 23:15:00,Zone_5,11.04,11.82,15.15,119.2,87.71,17.08,66.62,115.26,38.34,1.75,79.24,16.34,0.723,71.07,109.59,38.52,93.75,0
2026-01-03 23:20:00,Zone_3,12.44,14.71,16.57,143.6,70.35,16.98,34.71,50.39,22.38,14.75,68.33,4.91,0.662,39.12,36.25,0.0,88.73,0
2026-01-03 23:25:00,Zone_3,15.01,16.67,20.38,150.0,85.15,8.72,72.09,114.49,18.85,13.77,61.84,9.48,0.639,92.91,70.69,0.0,77.59,0
2026-01-03 23:30:00,Zone_2,11.83,12.18,30.76,127.49,84.51,14.95,59.69,70.9,11.72,6.08,75.96,16.17,0.775,62.59,124.19,61.6,95.37,1
2026-01-03 23:35:00,Zone_7,6.94,7.69,17.41,63.86,58.38,7.74,39.13,99.33,17.75,11.85,93.89,10.09,0.772,81.7,38.73,0.0,47.9,0
2026-01-03 23:40:00,Zone_4,10.38,14.98,15.0,117.54,88.4,11.58,59.13,68.02,8.06,11.53,66.34,19.53,0.709,62.54,126.6,64.07,94.56,1
2026-01-03 23:45:00,Zone_1,18.13,20.46,28.04,150.0,115.52,16.06,75.36,124.69,38.53,13.62,64.59,15.51,0.728,76.65,131.69,55.04,98.32,1
2026-01-03 23:50:00,Zone_2,12.64,21.18,21.42,134.42,89.86,16.7,19.51,90.65,12.71,5.3,68.21,3.26,0.686,79.13,23.4,0.0,24.66,0
2026-01-03 23:55:00,Zone_2,54.98,57.89,68.6,150.0,94.99,20.14,88.49,106.08,11.2,7.52,48.81,17.96,0.582,94.19,122.0,27.81,93.95,1
2026-01-04 00:00:00,Zone_4,29.42,35.11,36.27,150.0,107.62,18.39,37.82,120.44,39.28,13.11,72.66,4.71,0.716,73.13,39.36,0.0,51.71,0
2026-01-04 00:05:00,Zone_1,38.48,38.97,40.65,150.0,86.71,14.19,41.03,130.05,27.08,11.9,61.43,5.39,0.624,94.84,39.2,0.0,43.27,0
2026-01-04 00:10:00,Zone_5,16.52,19.47,19.81,150.0,85.77,9.18,103.81,114.55,8.04,6.51,51.07,15.49,0.685,105.33,123.73,18.39,98.55,0
2026-01-04 00:15:00,Zone_6,10.2,10.24,10.66,98.61,50.24,9.74,43.97,59.13,20.11,12.84,68.31,17.7,0.712,47.24,96.63,49.39,93.08,0
2026-01-04 00:20:00,Zone_7,7.0,9.23,13.77,74.53,61.51,3.26,34.48,126.18,3.47,1.66,45.17,12.12,0.539,121.8,37.88,0.0,28.31,0
2026-01-04 00:25:00,Zone_6,6.9,8.17,18.27,74.88,38.66,2.0,33.12,103.76,29.35,11.95,65.09,7.91,0.651,73.31,30.02,0.0,45.18,0
2026-01-04 00:30:00,Zone_5,4.92,5.77,9.07,49.6,44.25,2.0,25.09,102.9,18.09,3.89,50.29,8.97,0.607,84.28,21.0,0.0,29.77,0
2026-01-04 00:35:00,Zone_8,9.24,13.2,17.61,101.37,67.67,2.0,39.27,132.53,61.95,5.01,46.21,8.83,0.542,50.42,37.75,0.0,77.89,0
2026-01-04 00:40:00,Zone_2,5.94,9.79,14.81,57.09,50.33,2.0,29.02,68.64,21.17,7.91,86.22,8.55,0.736,54.11,27.95,0.0,53.63,0
2026-01-04 00:45:00,Zone_1,4.95,5.0,6.07,45.33,16.2,2.0,14.02,67.76,28.12,7.3,90.81,7.13,0.813,48.7,20.43,0.0,28.79,0
2026-01-04 00:50:00,Zone_2,9.43,11.31,11.47,100.78,58.0,2.0,70.54,93.75,16.61,8.29,55.38,13.35,0.657,78.18,68.76,0.0,90.23,0
2026-01-04 00:55:00,Zone_3,9.62,10.54,10.55,112.87,78.82,2.0,86.39,116.33,28.41,8.63,71.96,18.31,0.737,83.29,118.49,35.21,103.72,0
2026-01-04 01:00:00,Zone_2,6.78,7.85,9.36,68.99,39.67,2.0,31.56,87.49,19.44,5.64,58.9,8.22,0.643,70.48,28.35,0.0,44.78,0
2026-01-04 01:05:00,Zone_2,3.0,6.57,7.54,32.72,0.0,2.0,13.9,105.22,37.11,3.45,69.68,6.17,0.69,66.17,10.85,0.0,21.0,0
2026-01-04 01:10:00,Zone_5,33.2,33.94,34.17,150.0,81.03,13.05,57.96,87.99,27.03,11.76,66.83,17.26,0.686,64.21,138.05,73.84,90.27,1
2026-01-04 01:15:00,Zone_5,22.08,27.82,28.51,150.0,84.14,16.96,76.2,102.99,22.41,6.6,58.45,15.61,0.672,79.91,122.39,42.48,95.36,1
2026-01-04 01:20:00,Zone_5,10.31,10.71,11.18,107.05,57.11,14.1,98.45,123.11,18.04,8.08,80.02,18.82,0.712,100.9,111.66,10.75,97.57,0
2026-01-04 01:25:00,Zone_6,8.22,10.4,19.02,79.29,59.72,7.09,18.78,62.15,5.84,10.03,51.32,5.81,0.583,58.51,20.91,0.0,32.09,0
2026-01-04 01:30:00,Zone_3,5.02,7.25,7.78,51.01,37.2,2.28,9.0,111.06,36.9,13.73,47.65,5.45,0.577,70.07,12.48,0.0,12.84,0
2026-01-04 01:35:00,Zone_8,15.56,16.14,18.84,143.52,95.24,2.0,93.57,119.81,21.37,10.91,83.38,12.2,0.76,94.2,103.49,9.29,99.33,0
2026-01-04 01:40:00,Zone_8,11.46,12.25,15.39,119.25,101.62,2.21,67.65,87.48,24.57,1.64,78.3,13.45,0.74,65.98,92.26,26.28,102.53,0
2026-01-04 01:45:00,Zone_5,10.94,14.54,17.29,104.93,82.31,2.35,59.48,75.71,2.26,12.74,69.93,11.16,0.699,74.0,63.67,0.0,80.38,0
2026-01-04 01:50:00,Zone_1,16.16,19.03,19.39,150.0,107.12,12.42,35.63,46.29,28.31,14.85,68.39,13.18,0.712,33.18,109.53,76.35,107.38,1
2026-01-04 01:55:00,Zone_6,12.45,13.25,14.59,91.44,41.49,2.16,28.56,120.72,28.96,7.61,69.87,6.07,0.646,85.77,27.89,0.0,33.3,0
2026-01-04 02:00:00,Zone_4,13.78,15.3,15.49,134.39,88.07,6.36,56.26,76.15,31.15,14.57,66.85,11.15,0.636,52.43,74.17,21.74,107.29,0
2026-01-04 02:05:00,Zone_1,12.92,13.05,14.81,120.41,81.85,4.92,73.53,78.94,8.04,8.66,64.64,14.19,0.653,72.6,86.8,14.2,101.28,0
2026-01-04 02:10:00,Zone_7,7.03,7.5,8.23,81.01,47.68,2.0,47.75,76.92,10.53,7.43,69.98,10.36,0.726,68.82,47.36,0.0,69.39,0
2026-01-04 02:15:00,Zone_7,4.78,6.11,9.0,51.69,54.07,2.0,40.63,92.38,26.15,5.64,71.43,14.55,0.688,68.22,40.22,0.0,59.56,0
2026-01-04 02:20:00,Zone_1,4.61,4.79,8.92,49.23,32.61,2.0,30.52,111.74,42.4,10.21,79.6,10.67,0.747,64.36,30.51,0.0,47.42,0
2026-01-04 02:25:00,Zone_5,2.85,6.55,9.21,28.47,3.76,2.0,19.98,118.33,2.96,4.22,80.56,8.67,0.757,114.82,14.53,0.0,17.4,0
2026-01-04 02:30:00,Zone_4,4.13,6.66,8.65,14.74,0.0,2.0,8.19,82.29,10.26,2.47,63.88,8.16,0.679,73.85,6.35,0.0,11.09,0
2026-01-04 02:35:00,Zone_4,66.69,72.44,74.16,150.0,124.89,5.45,83.39,107.99,14.42,1.38,65.68,9.99,0.725,92.42,84.5,0.0,90.23,0
2026-01-04 02:40:00,Zone_6,33.22,35.59,42.04,150.0,92.46,8.67,28.99,113.47,33.4,5.09,63.68,3.39,0.689,75.56,27.28,0.0,38.36,0
2026-01-04 02:45:00,Zone_4,19.68,25.32,26.19,150.0,72.56,17.89,53.23,73.21,27.75,6.54,71.83,14.36,0.739,52.89,123.86,70.97,100.64,1
2026-01-04 02:50:00,Zone_7,9.09,10.71,15.35,105.09,61.12,20.85,39.51,54.18,23.2,8.73,67.67,17.37,0.685,41.61,97.17,55.56,94.95,1
2026-01-04 02:55:00,Zone_3,13.72,15.55,20.51,150.0,75.58,12.34,81.22,129.99,34.32,5.1,89.48,9.03,0.842,85.38,88.65,3.27,95.12,0
2026-01-04 03:00:00,Zone_5,9.28,16.82,18.72,82.59,64.69,5.56,21.8,109.33,32.24,14.78,79.82,3.78,0.751,74.08,18.25,0.0,29.43,0
2026-01-04 03:05:00,Zone_4,9.32,11.38,12.61,96.97,39.57,2.0,92.6,106.57,10.58,5.08,89.93,19.78,0.741,95.29,110.52,15.22,97.17,0
2026-01-04 03:10:00,Zone_6,46.74,46.8,49.03,150.0,80.67,13.58,39.82,50.6,17.77,7.17,80.46,7.48,0.826,41.61,72.11,30.51,95.7,1
2026-01-04 03:15:00,Zone_7,24.88,27.45,27.79,150.0,97.55,6.73,50.99,122.7,36.86,2.45,93.55,5.15,0.819,77.47,49.24,0.0,65.81,0
2026-01-04 03:20:00,Zone_3,22.4,27.12,27.28,150.0,110.81,5.72,73.84,98.78,22.11,4.65,76.79,9.29,0.75,76.94,81.23,4.3,95.98,0
2026-01-04 03:25:00,Zone_2,66.0,69.17,69.59,150.0,96.67,15.48,97.32,125.55,21.46,1.68,93.18,15.56,0.784,98.6,142.25,43.65,98.7,1
2026-01-04 03:30:00,Zone_2,38.32,40.08,40.8,150.0,82.41,18.68,62.34,137.58,40.06,8.83,52.91,8.0,0.68,82.47,63.48,0.0,75.59,0
2026-01-04 03:35:00,Zone_3,22.31,24.53,26.99,150.0,99.69,14.36,76.34,135.92,16.76,11.51,47.62,12.77,0.564,113.14,84.07,0.0,67.47,0
2026-01-04 03:40:00,Zone_7,15.63,24.88,31.5,150.0,91.89,10.54,84.32,126.33,14.02,3.74,73.96,10.06,0.708,108.62,83.16,0.0,77.63,0
2026-01-04 03:45:00,Zone_6,9.05,9.24,10.19,85.19,68.96,6.97,26.47,46.04,14.63,6.15,94.17,5.0,0.775,39.3,25.68,0.0,67.35,0
2026-01-04 03:50:00,Zone_3,6.35,8.55,18.13,76.22,59.8,2.0,36.32,129.14,1.87,1.23,65.88,8.61,0.69,126.73,35.26,0.0,28.66,0
2026-01-04 03:55:00,Zone_5,25.72,26.39,37.24,150.0,91.05,11.97,30.42,52.13,28.26,12.75,55.6,15.32,0.62,37.4,110.76,73.36,81.35,1
2026-01-04 04:00:00,Zone_5,17.77,19.81,30.98,150.0,106.86,9.45,99.02,125.86,12.44,11.92,71.08,13.4,0.659,110.21,103.07,0.0,89.84,0
2026-01-04 04:05:00,Zone_2,11.72,13.59,19.95,98.45,67.25,8.67,31.84,71.62,4.98,1.89,77.44,5.04,0.735,68.05,28.35,0.0,46.79,0
2026-01-04 04:10:00,Zone_4,5.93,6.26,7.84,70.83,62.44,2.58,21.12,102.96,21.86,6.11,60.76,5.78,0.657,80.45,20.9,0.0,26.25,0
2026-01-04 04:15:00,Zone_6,7.98,8.44,8.7,46.83,39.28,2.0,32.08,48.62,14.35,14.37,80.74,13.89,0.746,41.64,37.76,0.0,77.03,0
2026-01-04 04:20:00,Zone_2,6.64,8.58,11.52,49.75,38.9,2.0,50.02,118.26,16.02,6.49,93.76,16.83,0.764,99.32,49.76,0.0,50.36,0
2026-01-04 04:25:00,Zone_4,7.96,8.23,11.1,62.84,56.78,2.0,30.6,55.61,5.46,8.37,89.85,8.94,0.808,52.58,35.31,0.0,58.2,0
2026-01-04 04:30:00,Zone_4,11.2,11.82,18.46,132.68,86.43,3.33,56.91,84.02,28.79,5.97,59.58,13.12,0.61,59.83,82.58,22.75,95.13,0
2026-01-04 04:35:00,Zone_8,11.34,14.94,34.26,111.89,63.45,2.32,35.85,122.66,3.96,9.35,61.34,5.9,0.683,117.8,35.09,0.0,30.44,0
2026-01-04 04:40:00,Zone_5,11.36,12.15,14.63,78.38,53.36,2.0,33.69,111.06,49.97,14.69,63.58,8.29,0.651,55.56,32.93,0.0,60.64,0
2026-01-04 04:45:00,Zone_7,5.05,6.39,7.87,40.15,21.83,2.1,10.35,45.57,11.76,14.97,64.73,3.34,0.701,40.22,7.33,0.0,25.73,0
2026-01-04 04:50:00,Zone_1,6.28,11.94,12.66,60.14,46.34,2.0,45.08,83.29,46.47,11.85,50.02,16.06,0.601,44.58,45.11,0.53,101.13,0
2026-01-04 04:55:00,Zone_7,11.69,12.2,12.22,87.85,57.85,2.66,42.45,48.98,14.86,6.66,83.1,9.82,0.767,41.7,51.48,9.78,101.8,0
2026-01-04 05:00:00,Zone_1,4.71,5.7,8.19,45.99,34.73,2.0,41.39,108.98,23.77,7.92,63.27,16.87,0.705,83.07,42.53,0.0,49.82,0
2026-01-04 05:05:00,Zone_3,4.58,6.44,9.28,38.47,10.56,2.0,32.13,137.05,3.53,5.99,88.99,15.04,0.77,132.21,34.68,0.0,24.3,0
2026-01-04 05:10:00,Zone_5,2.85,5.66,11.76,22.52,20.74,2.0,23.31,107.25,50.03,14.8,91.35,17.09,0.774,53.59,23.16,0.0,43.49,0
2026-01-04 05:15:00,Zone_4,11.88,16.51,18.97,93.9,45.61,2.0,37.36,66.32,5.58,10.91,46.22,7.86,0.598,62.62,34.3,0.0,59.66,0
2026-01-04 05:20:00,Zone_6,62.76,67.7,76.39,150.0,109.04,10.94,58.61,78.75,24.74,7.29,94.43,6.15,0.783,59.27,56.13,0.0,98.89,0
2026-01-04 05:25:00,Zone_1,41.55,44.54,48.01,150.0,109.06,26.48,75.89,137.78,43.35,1.17,80.5,19.52,0.729,78.06,165.93,87.88,97.23,1
2026-01-04 05:30:00,Zone_7,33.98,34.5,40.92,150.0,101.68,27.29,50.57,66.28,21.88,8.29,71.02,15.19,0.658,51.78,116.59,64.81,97.65,1
2026-01-04 05:35:00,Zone_4,21.51,21.56,22.12,150.0,101.22,36.69,60.12,98.35,34.81,14.77,64.48,17.18,0.707,64.11,141.68,77.57,93.78,1
2026-01-04 05:40:00,Zone_1,10.12,11.08,17.85,105.64,65.98,26.4,21.32,83.04,48.21,8.32,70.93,3.22,0.675,43.01,17.86,0.0,49.56,0
2026-01-04 05:45:00,Zone_1,10.5,10.81,14.74,82.92,46.66,21.69,41.9,117.99,38.49,3.55,61.23,9.03,0.637,72.58,37.05,0.0,57.73,0
2026-01-04 05:50:00,Zone_8,19.08,21.55,22.21,150.0,97.32,31.42,73.77,127.4,41.97,1.31,76.13,15.63,0.692,73.93,126.16,52.23,99.78,1
2026-01-04 05:55:00,Zone_1,14.1,16.26,17.0,150.0,121.29,26.35,24.7,77.38,20.14,5.97,49.65,4.33,0.587,61.8,29.61,0.0,39.97,0
2026-01-04 06:00:00,Zone_6,25.72,25.81,34.95,150.0,100.25,23.73,97.21,107.74,9.84,13.86,76.06,12.64,0.726,97.13,107.1,9.97,100.08,1
2026-01-04 06:05:00,Zone_5,12.67,16.29,16.41,150.0,81.35,17.11,85.26,97.16,12.2,14.95,58.77,10.29,0.669,85.31,80.3,0.0,99.95,0
2026-01-04 06:10:00,Zone_6,7.07,7.65,9.82,77.71,30.01,14.72,7.41,71.45,15.71,14.24,45.88,3.3,0.54,60.23,10.76,0.0,12.3,0
2026-01-04 06:15:00,Zone_2,11.3,12.43,13.75,121.71,61.86,13.15,48.68,70.83,31.1,11.21,72.64,7.01,0.695,48.81,46.14,0.0,99.74,0
2026-01-04 06:20:00,Zone_4,12.94,15.14,18.97,111.74,68.1,7.12,51.39,96.17,17.72,8.81,73.92,7.84,0.762,79.13,51.95,0.0,64.94,0
2026-01-04 06:25:00,Zone_5,24.68,25.8,32.21,150.0,112.69,7.48,44.5,59.63,19.2,9.27,66.33,4.9,0.713,48.18,40.77,0.0,92.36,0
2026-01-04 06:30:00,Zone_8,14.32,15.48,17.05,150.0,85.22,2.0,88.31,122.03,5.69,8.55,48.61,13.74,0.573,115.08,91.78,0.0,76.74,0
2026-01-04 06:35:00,Zone_5,8.24,8.38,10.33,97.14,80.2,2.0,41.57,51.56,14.13,10.9,89.67,7.12,0.797,44.27,42.87,0.0,93.9,0
2026-01-04 06:40:00,Zone_5,6.24,7.27,21.31,58.87,40.42,2.0,23.11,53.98,19.92,6.86,75.57,7.72,0.787,43.23,27.81,0.0,53.45,0
2026-01-04 06:45:00,Zone_7,10.27,13.16,18.53,109.55,77.01,2.69,66.01,77.51,14.44,10.37,50.79,18.27,0.568,66.32,88.44,22.12,99.54,0
2026-01-04 06:50:00,Zone_5,8.24,13.18,21.14,93.32,66.13,2.0,47.19,56.22,17.36,2.7,70.55,10.94,0.645,46.46,51.23,4.77,101.57,0
2026-01-04 06:55:00,Zone_8,10.42,11.48,13.5,83.63,61.45,2.0,43.99,90.19,5.91,4.72,69.86,9.67,0.683,84.86,42.96,0.0,51.84,0
2026-01-04 07:00:00,Zone_6,10.95,12.05,12.98,84.18,49.78,2.0,53.79,82.97,31.95,12.7,48.02,15.31,0.588,56.46,58.89,2.43,95.26,0
2026-01-04 07:05:00,Zone_5,4.83,7.26,9.12,48.74,3.67,2.0,47.86,113.57,13.16,13.65,75.34,18.46,0.703,98.63,49.18,0.0,48.53,0
2026-01-04 07:10:00,Zone_3,13.74,19.46,23.87,125.11,74.26,2.0,25.9,135.54,17.33,8.55,85.42,3.43,0.806,112.05,26.88,0.0,23.11,0
2026-01-04 07:15:00,Zone_4,5.93,6.55,6.96,62.44,29.93,2.0,42.29,116.59,8.56,1.44,82.45,10.62,0.769,106.61,39.64,0.0,39.67,0
2026-01-04 07:20:00,Zone_5,4.84,6.0,7.11,34.1,25.89,2.0,17.21,62.05,5.13,13.98,55.15,13.38,0.608,58.87,21.57,0.0,29.24,0
2026-01-04 07:25:00,Zone_4,5.66,8.83,9.0,56.24,39.19,2.0,27.48,133.87,19.28,10.83,88.11,8.42,0.774,108.06,28.51,0.0,25.43,0
2026-01-04 07:30:00,Zone_3,9.93,11.81,13.79,116.8,72.65,6.29,38.84,82.25,46.34,6.8,62.13,16.13,0.638,44.14,93.53,49.39,87.99,0
2026-01-04 07:35:00,Zone_3,9.54,9.78,15.93,67.17,64.73,6.62,74.69,90.05,13.97,9.38,92.33,19.52,0.837,77.47,85.29,7.82,96.42,0
2026-01-04 07:40:00,Zone_4,8.33,10.3,10.39,89.03,50.18,8.27,63.46,85.05,23.81,7.02,48.59,19.04,0.579,64.8,76.3,11.5,97.93,0
2026-01-04 07:45:00,Zone_1,10.99,11.41,15.34,108.06,43.53,2.04,48.07,71.65,28.05,7.51,69.31,7.52,0.661,51.55,41.77,0.0,93.25,0
2026-01-04 07:50:00,Zone_2,16.37,17.8,27.24,150.0,98.93,2.0,58.17,130.03,35.98,13.42,74.86,6.85,0.753,83.24,60.17,0.0,69.87,0
2026-01-04 07:55:00,Zone_7,7.36,8.87,9.81,88.0,71.47,6.35,52.84,76.56,33.68,3.26,57.38,19.28,0.629,50.78,82.94,32.16,104.07,0
2026-01-04 08:00:00,Zone_1,9.94,14.12,18.26,117.37,79.74,2.0,52.37,99.97,41.3,2.45,83.57,10.8,0.727,58.68,71.66,12.98,89.26,0
2026-01-04 08:05:00,Zone_1,6.23,7.47,20.4,62.4,36.28,2.0,24.98,67.8,17.34,1.04,76.34,6.54,0.783,56.05,24.86,0.0,44.57,0
2026-01-04 08:10:00,Zone_6,4.92,5.57,17.04,37.93,27.54,2.0,26.6,120.75,36.25,5.4,45.91,15.02,0.598,76.97,26.49,0.0,34.56,0
2026-01-04 08:15:00,Zone_7,4.46,4.99,5.93,46.24,52.12,2.0,22.76,118.55,26.2,3.06,75.42,7.84,0.728,87.49,20.53,0.0,26.02,0
2026-01-04 08:20:00,Zone_7,6.01,10.16,10.53,50.75,22.48,2.0,18.95,73.15,24.27,4.08,69.57,7.54,0.692,55.4,20.59,0.0,34.21,0
2026-01-04 08:25:00,Zone_1,6.44,6.82,7.38,55.74,36.6,2.0,45.54,109.75,23.13,1.16,54.8,17.95,0.616,84.36,47.89,0.0,53.98,0
2026-01-04 08:30:00,Zone_5,11.82,12.93,17.17,119.94,86.0,2.0,37.56,111.87,14.77,4.18,94.79,5.76,0.815,95.35,43.8,0.0,39.4,0
2026-01-04 08:35:00,Zone_6,9.37,9.78,14.31,100.23,68.19,2.0,26.24,98.44,35.93,5.66,89.86,4.09,0.791,63.07,25.25,0.0,41.61,0
2026-01-04 08:40:00,Zone_6,8.76,11.73,15.65,60.79,36.54,2.0,20.65,102.06,18.04,1.44,59.63,7.58,0.63,83.65,22.58,0.0,24.69,0
2026-01-04 08:45:00,Zone_3,4.25,5.53,6.97,38.86,20.14,2.0,31.54,99.57,24.01,9.51,72.05,13.32,0.707,75.66,28.47,0.0,41.69,0
2026-01-04 08:50:00,Zone_8,64.86,65.72,66.37,150.0,94.08,15.36,37.34,52.78,30.78,8.96,60.83,5.09,0.636,36.53,37.78,1.25,102.2,0
2026-01-04 08:55:00,Zone_7,31.92,32.82,35.86,150.0,103.88,15.28,99.35,108.68,10.05,2.36,83.77,11.02,0.776,97.75,99.69,1.94,101.64,0
2026-01-04 09:00:00,Zone_1,15.17,18.99,21.31,150.0,103.19,16.72,68.3,89.63,19.26,9.33,91.52,13.66,0.807,72.37,128.63,56.26,94.38,1
2026-01-04 09:05:00,Zone_3,45.34,46.96,51.53,150.0,122.64,26.66,79.69,86.65,6.89,14.98,62.94,17.43,0.644,80.69,130.88,50.2,98.76,1
2026-01-04 09:10:00,Zone_4,24.19,26.72,28.76,150.0,79.06,20.37,62.93,126.7,43.44,14.22,85.28,6.91,0.774,71.66,62.36,0.0,87.81,0
2026-01-04 09:15:00,Zone_2,17.15,21.69,23.14,150.0,118.59,30.12,42.97,47.21,3.9,1.04,69.92,16.89,0.716,45.37,141.11,95.74,94.72,1
2026-01-04 09:20:00,Zone_8,12.94,17.58,18.79,148.7,94.2,25.78,52.74,68.87,8.74,12.14,64.83,6.99,0.606,62.85,49.05,0.0,83.92,0
2026-01-04 09:25:00,Zone_8,9.5,10.29,11.12,87.44,55.75,26.71,46.89,56.53,19.59,5.95,91.92,14.51,0.827,45.46,81.58,36.12,103.16,0
2026-01-04 09:30:00,Zone_8,5.36,11.45,12.54,57.21,47.49,20.06,36.67,48.36,34.63,1.89,70.52,10.32,0.666,31.61,30.58,0.0,116.01,0
2026-01-04 09:35:00,Zone_6,4.27,4.32,4.67,46.22,40.27,13.28,14.15,71.19,14.47,5.14,68.37,4.95,0.678,60.89,12.07,0.0,23.24,0
2026-01-04 09:40:00,Zone_4,7.51,8.45,9.95,86.77,70.28,6.49,72.87,138.91,16.97,5.5,78.62,15.14,0.658,115.33,67.27,0.0,63.18,0
2026-01-04 09:45:00,Zone_8,10.96,15.48,15.61,104.69,84.54,2.0,41.41,70.67,5.78,8.33,58.06,6.7,0.657,66.59,35.87,0.0,62.18,0
2026-01-04 09:50:00,Zone_4,8.63,9.27,10.0,101.08,65.22,2.0,28.44,108.05,13.26,10.26,61.24,6.0,0.634,93.73,29.92,0.0,30.35,0
2026-01-04 09:55:00,Zone_5,7.86,8.5,13.3,83.4,70.86,2.0,39.31,56.24,20.67,11.49,91.6,9.09,0.793,44.62,46.77,2.15,88.12,0
2026-01-04 10:00:00,Zone_8,6.53,7.25,8.63,65.64,35.12,2.07,58.88,102.18,37.02,4.44,78.93,14.11,0.747,64.35,53.82,0.0,91.5,0
2026-01-04 10:05:00,Zone_2,8.15,10.05,13.91,76.9,46.32,2.0,32.24,138.53,8.56,5.5,86.33,6.98,0.723,126.67,30.16,0.0,25.45,0
2026-01-04 10:10:00,Zone_4,7.05,8.2,12.62,66.56,41.08,2.0,21.99,72.72,68.63,5.32,58.56,6.12,0.645,22.81,20.43,0.0,96.41,0
2026-01-04 10:15:00,Zone_4,5.27,7.87,10.92,33.33,15.35,2.0,4.66,125.57,24.88,6.08,72.19,3.17,0.73,94.32,6.0,0.0,4.94,0
2026-01-04 10:20:00,Zone_2,2.75,7.26,18.41,32.23,21.67,2.0,23.93,139.77,13.59,15.0,93.57,11.02,0.823,120.78,22.74,0.0,19.81,0
2026-01-04 10:25:00,Zone_8,2.05,4.29,4.37,18.23,22.6,2.0,12.43,100.91,30.27,11.89,60.94,10.29,0.643,70.36,9.37,0.0,17.66,0
2026-01-04 10:30:00,Zone_2,9.61,10.07,14.76,109.41,78.93,2.0,38.56,74.39,23.25,14.65,53.02,6.98,0.616,57.09,36.59,0.0,67.54,0
2026-01-04 10:35:00,Zone_4,5.45,10.84,22.0,62.5,33.27,2.0,11.48,108.99,26.77,10.7,70.54,3.91,0.7,79.81,13.32,0.0,14.38,0
2026-01-04 10:40:00,Zone_2,3.11,3.72,10.66,31.16,11.91,2.0,21.97,125.26,27.33,6.69,64.39,10.3,0.695,91.03,17.34,0.0,24.13,0
2026-01-04 10:45:00,Zone_4,2.25,2.57,3.22,20.29,2.93,2.03,17.26,61.28,45.3,6.46,52.98,16.4,0.653,33.52,16.89,0.0,51.51,0
2026-01-04 10:50:00,Zone_4,8.33,8.52,9.9,86.68,57.41,2.0,69.03,87.99,22.31,7.84,89.43,15.16,0.785,68.36,80.21,11.85,100.98,0
2026-01-04 10:55:00,Zone_5,6.17,7.82,8.49,54.38,16.38,3.34,56.72,75.32,26.58,6.84,94.54,17.63,0.83,55.3,61.87,6.57,102.56,0
2026-01-04 11:00:00,Zone_1,4.08,4.32,7.54,40.31,15.51,2.0,13.31,71.92,10.26,12.6,73.43,3.16,0.697,64.54,6.91,0.0,20.62,0
2026-01-04 11:05:00,Zone_4,7.39,7.69,12.05,65.78,37.25,2.0,78.89,126.78,22.32,7.51,83.73,19.43,0.781,98.48,77.65,0.0,80.12,0
2026-01-04 11:10:00,Zone_8,39.92,40.63,41.97,150.0,110.16,5.71,65.59,85.06,21.12,5.14,87.95,8.8,0.804,67.09,82.54,15.44,97.77,0
2026-01-04 11:15:00,Zone_3,21.99,22.65,25.37,150.0,95.91,26.08,50.2,77.21,41.24,11.85,80.05,19.84,0.745,45.37,172.47,127.1,110.65,1
2026-01-04 11:20:00,Zone_6,14.41,16.26,20.37,150.0,109.57,26.73,54.52,102.33,13.31,12.96,47.21,7.29,0.602,88.71,51.2,0.0,61.46,0
2026-01-04 11:25:00,Zone_7,11.22,14.61,16.53,134.17,89.46,23.18,54.41,65.84,17.11,6.89,52.88,11.02,0.615,54.58,70.64,16.06,99.68,1
2026-01-04 11:30:00,Zone_1,9.78,12.64,19.38,115.84,69.61,22.24,48.77,66.84,24.21,10.35,48.55,9.02,0.591,50.66,48.04,0.0,96.27,0
2026-01-04 11:35:00,Zone_1,11.82,12.43,17.6,132.11,80.67,15.67,45.35,94.43,30.95,1.82,45.49,9.05,0.551,65.2,51.23,0.0,69.56,0
2026-01-04 11:40:00,Zone_1,15.13,15.69,15.92,129.97,70.49,17.14,61.8,83.88,24.5,8.41,60.3,17.32,0.657,63.33,114.96,51.63,97.59,1
2026-01-04 11:45:00,Zone_5,9.6,16.35,19.75,92.2,88.77,15.71,43.69,73.02,33.07,1.63,64.62,15.69,0.656,48.88,73.78,24.9,89.39,0
2026-01-04 11:50:00,Zone_4,5.8,5.82,6.75,67.92,57.48,17.2,35.84,50.13,10.73,1.41,57.05,19.87,0.661,44.75,69.41,24.66,80.1,0
2026-01-04 11:55:00,Zone_5,8.49,12.72,15.58,68.15,51.54,9.43,38.49,94.47,29.29,9.58,48.23,13.43,0.566,66.8,40.28,0.0,57.62,0
2026-01-04 12:00:00,Zone_4,12.3,12.74,23.75,123.85,64.86,9.96,70.82,122.58,29.28,5.25,71.49,10.88,0.716,86.69,74.96,0.0,81.69,0
2026-01-04 12:05:00,Zone_8,14.1,19.98,27.38,150.0,92.08,10.51,32.53,125.88,52.29,11.4,58.67,4.53,0.636,60.06,33.6,0.0,54.17,0
2026-01-04 12:10:00,Zone_5,10.48,11.32,13.13,94.86,49.96,15.94,60.77,67.37,9.35,13.55,84.8,19.94,0.782,61.07,115.06,53.99,99.51,0
2026-01-04 12:15:00,Zone_5,12.04,13.2,14.4,135.11,89.35,12.82,63.95,101.97,37.54,2.95,45.4,12.38,0.575,63.69,74.82,11.13,100.4,0
2026-01-04 12:20:00,Zone_6,50.76,53.22,54.15,150.0,86.37,21.61,93.24,126.31,24.41,11.14,87.13,14.91,0.761,95.47,132.38,36.9,97.66,1
2026-01-04 12:25:00,Zone_3,25.78,27.55,30.21,150.0,89.46,13.08,70.03,83.83,10.05,8.2,92.74,9.91,0.847,75.41,97.92,22.51,92.87,0
2026-01-04 12:30:00,Zone_5,12.64,13.41,13.83,137.38,78.48,9.81,90.98,133.55,30.21,2.57,80.81,12.31,0.727,93.21,95.69,2.48,97.61,0
2026-01-04 12:35:00,Zone_6,11.82,13.43,16.22,127.87,80.24,11.59,91.03,130.78,26.48,10.12,81.68,19.02,0.778,96.15,147.14,50.99,94.67,1
2026-01-04 12:40:00,Zone_2,6.71,9.33,9.33,65.49,43.42,3.04,26.7,64.77,30.29,9.53,91.68,5.83,0.757,45.15,22.49,0.0,59.13,0
2026-01-04 12:45:00,Zone_3,8.75,8.84,10.21,51.58,30.97,3.57,19.34,69.6,54.58,8.22,55.45,7.97,0.619,31.61,19.78,0.0,61.17,0
2026-01-04 12:50:00,Zone_8,5.77,5.79,6.66,27.35,36.17,3.03,6.91,62.14,21.63,13.97,94.73,5.59,0.87,48.7,10.33,0.0,14.2,0
2026-01-04 12:55:00,Zone_5,4.59,5.81,18.23,17.53,21.13,2.0,13.92,63.63,3.85,8.3,83.67,16.47,0.76,61.17,17.07,0.0,22.75,0
2026-01-04 13:00:00,Zone_7,45.62,45.91,50.45,150.0,88.1,2.0,35.95,131.25,10.12,14.87,81.33,4.05,0.76,117.96,35.93,0.0,30.48,0
2026-01-04 13:05:00,Zone_1,34.6,36.78,38.28,150.0,101.41,7.94,36.69,133.46,22.06,8.13,63.05,4.39,0.713,104.02,36.52,0.0,35.27,0
2026-01-04 13:10:00,Zone_2,18.09,18.57,18.91,150.0,89.09,12.68,26.62,49.93,44.41,2.62,72.29,8.07,0.707,27.75,66.62,38.86,95.91,1
2026-01-04 13:15:00,Zone_2,10.0,11.13,13.68,114.43,69.64,13.61,66.33,101.39,36.25,7.59,77.7,11.74,0.746,64.64,77.98,13.34,102.61,0
2026-01-04 13:20:00,Zone_8,8.16,8.6,9.44,85.61,61.4,13.34,46.47,98.6,41.13,3.55,76.02,9.91,0.748,58.05,49.35,0.0,80.05,0
2026-01-04 13:25:00,Zone_6,31.44,33.04,35.73,150.0,105.49,15.09,34.17,82.1,29.0,9.36,80.25,3.76,0.71,58.29,31.15,0.0,58.61,0
2026-01-04 13:30:00,Zone_2,14.26,14.5,20.82,150.0,90.45,21.24,72.33,105.01,29.45,10.7,49.12,19.28,0.581,74.09,130.68,56.58,97.62,1
2026-01-04 13:35:00,Zone_3,9.63,9.67,13.02,90.7,45.7,7.13,93.03,135.0,14.2,7.56,62.78,19.2,0.668,115.83,90.44,0.0,80.32,0
2026-01-04 13:40:00,Zone_5,6.67,6.77,10.29,77.29,51.29,4.33,27.73,61.17,33.11,2.37,66.7,7.75,0.636,40.92,29.61,0.0,67.78,0
2026-01-04 13:45:00,Zone_5,5.21,11.38,14.1,57.28,42.45,2.0,38.71,56.44,34.24,7.56,58.03,15.44,0.681,37.12,46.85,9.73,104.29,0
2026-01-04 13:50:00,Zone_7,4.57,4.88,14.05,31.21,12.63,2.0,17.35,48.17,58.12,2.14,53.63,12.84,0.641,20.17,19.97,0.0,86.0,0
2026-01-04 13:55:00,Zone_8,21.84,24.31,33.71,150.0,107.3,2.0,56.5,79.56,32.94,10.55,51.95,7.04,0.628,53.36,51.55,0.0,105.88,0
2026-01-04 14:00:00,Zone_1,11.88,12.02,14.54,134.81,95.3,2.0,50.46,77.07,32.87,12.07,63.32,7.46,0.706,51.74,55.22,3.48,97.54,0
2026-01-04 14:05:00,Zone_6,8.42,8.65,9.92,95.46,54.22,2.0,59.39,85.93,19.14,14.47,69.67,11.35,0.72,69.48,60.68,0.0,85.47,0
2026-01-04 14:10:00,Zone_1,17.72,19.14,21.29,150.0,111.06,2.0,65.46,92.81,12.47,3.08,48.15,10.13,0.584,81.24,68.98,0.0,80.58,0
2026-01-04 14:15:00,Zone_2,12.98,14.23,14.96,133.62,100.78,2.0,63.53,116.99,21.31,8.45,92.32,7.95,0.763,92.06,63.02,0.0,69.0,0
2026-01-04 14:20:00,Zone_8,8.24,14.29,17.83,90.59,83.7,6.72,40.91,82.25,48.69,8.95,83.26,16.73,0.746,42.2,87.91,45.71,96.94,0
2026-01-04 14:25:00,Zone_7,29.82,35.62,38.04,150.0,118.04,16.35,36.76,76.41,45.55,13.91,81.54,11.18,0.738,41.6,96.32,54.72,88.36,1
2026-01-04 14:30:00,Zone_1,13.34,16.36,16.75,150.0,86.67,10.06,87.37,123.55,26.02,9.78,53.64,14.13,0.637,91.41,104.99,13.58,95.58,0
2026-01-04 14:35:00,Zone_3,19.27,21.11,21.88,150.0,108.6,4.99,46.97,125.73,31.69,3.04,75.19,6.22,0.728,85.88,52.84,0.0,54.7,0
2026-01-04 14:40:00,Zone_5,9.22,10.43,12.72,102.31,77.06,7.71,28.43,67.11,51.62,7.11,71.49,12.07,0.66,32.47,63.44,30.97,87.56,0
2026-01-04 14:45:00,Zone_2,5.53,6.41,14.06,47.57,26.74,4.89,25.96,74.89,37.11,10.17,94.12,8.41,0.847,47.1,26.33,0.0,55.12,0
2026-01-04 14:50:00,Zone_7,7.87,13.75,16.68,71.23,51.76,2.0,54.14,123.39,9.39,10.8,82.38,11.95,0.802,111.79,53.08,0.0,48.43,0
2026-01-04 14:55:00,Zone_1,3.07,4.92,8.92,32.58,0.0,2.76,30.5,52.54,11.32,13.08,73.79,16.27,0.763,46.6,31.47,0.0,65.46,0
2026-01-04 15:00:00,Zone_6,6.83,8.56,10.01,43.06,5.13,2.82,41.99,75.96,33.93,3.53,87.54,16.07,0.754,50.19,40.58,0.0,83.67,0
2026-01-04 15:05:00,Zone_3,3.69,4.22,7.18,27.06,0.0,2.0,8.96,87.59,2.92,14.32,52.75,9.02,0.623,85.04,11.84,0.0,10.54,0
2026-01-04 15:10:00,Zone_3,2.36,2.46,4.53,18.27,16.55,2.0,12.87,62.77,21.11,1.83,45.76,14.8,0.549,49.52,11.54,0.0,25.99,0
2026-01-04 15:15:00,Zone_1,4.13,9.93,13.7,45.89,35.07,8.28,36.85,62.09,39.06,14.77,79.51,19.0,0.806,37.84,54.65,16.81,97.39,0
2026-01-04 15:20:00,Zone_5,14.2,14.96,15.14,119.08,74.12,5.59,75.22,85.36,7.63,13.01,49.92,13.64,0.6,78.85,75.84,0.0,95.4,0
2026-01-04 15:25:00,Zone_1,9.96,11.13,13.51,94.23,81.9,4.45,23.98,116.68,50.76,10.24,50.77,5.52,0.593,57.45,23.99,0.0,41.74,0
2026-01-04 15:30:00,Zone_2,5.87,6.11,7.34,66.21,54.88,2.0,54.01,124.82,22.94,11.29,82.23,14.56,0.745,96.18,55.81,0.0,56.15,0
2026-01-04 15:35:00,Zone_1,5.27,8.9,10.28,55.8,17.09,2.0,8.95,138.03,21.69,2.02,58.53,4.78,0.653,108.09,13.55,0.0,8.28,0
2026-01-04 15:40:00,Zone_3,7.82,7.88,19.22,63.97,39.52,8.21,37.42,52.03,20.46,1.58,76.43,17.83,0.748,41.38,66.31,24.93,90.42,0
2026-01-04 15:45:00,Zone_7,4.65,8.24,8.95,34.39,11.08,4.51,19.56,65.58,1.01,2.42,90.87,11.78,0.755,64.92,23.79,0.0,30.12,0
2026-01-04 15:50:00,Zone_1,6.54,6.84,8.15,52.33,38.98,2.0,26.36,116.88,18.24,2.22,60.82,9.55,0.696,95.56,27.05,0.0,27.59,0
2026-01-04 15:55:00,Zone_5,7.73,12.08,14.58,82.25,53.1,2.0,18.39,96.36,14.93,8.66,55.86,3.97,0.643,81.97,16.34,0.0,22.43,0
2026-01-04 16:00:00,Zone_8,18.44,21.05,28.01,150.0,86.9,8.48,73.96,76.13,6.84,4.02,50.33,9.47,0.643,70.92,71.1,0.18,104.28,0
2026-01-04 16:05:00,Zone_7,8.3,8.66,10.54,90.77,79.34,8.52,57.43,64.53,7.0,13.04,51.52,18.35,0.659,60.01,85.39,25.37,95.69,0
2026-01-04 16:10:00,Zone_6,6.0,7.67,12.44,67.76,44.74,3.17,9.91,71.65,32.02,7.24,48.11,3.36,0.588,48.7,10.4,0.0,20.35,0
2026-01-04 16:15:00,Zone_4,7.97,8.72,15.51,77.64,45.48,2.0,47.27,85.78,27.84,10.74,49.38,11.07,0.623,61.9,41.62,0.0,76.36,0
2026-01-04 16:20:00,Zone_1,12.4,12.8,14.1,81.71,50.07,7.76,43.07,61.83,26.93,10.14,66.6,18.83,0.666,45.18,79.66,34.48,95.33,0
2026-01-04 16:25:00,Zone_5,4.97,8.89,10.64,52.94,53.84,2.0,23.76,136.6,11.86,5.48,61.04,9.71,0.641,120.4,25.64,0.0,19.74,0
2026-01-04 16:30:00,Zone_7,10.49,11.53,13.07,114.8,85.56,9.71,21.87,55.22,58.87,4.4,80.33,10.28,0.799,22.71,73.32,50.6,96.28,0
2026-01-04 16:35:00,Zone_5,13.48,14.5,20.76,141.6,90.09,3.07,101.09,138.63,24.65,5.79,88.51,12.84,0.77,104.45,108.9,4.45,96.78,0
2026-01-04 16:40:00,Zone_6,10.67,11.04,11.2,113.97,62.18,2.0,72.84,124.98,12.37,12.15,84.24,10.87,0.777,109.52,74.88,0.0,66.51,0
2026-01-04 16:45:00,Zone_3,7.78,8.74,10.03,59.96,28.94,2.0,14.39,85.2,12.76,9.21,71.53,5.87,0.68,74.33,18.61,0.0,19.36,0
2026-01-04 16:50:00,Zone_5,6.04,10.15,14.13,46.66,24.55,2.0,11.77,115.28,34.9,4.55,50.12,3.32,0.581,75.05,6.99,0.0,15.68,0
2026-01-04 16:55:00,Zone_7,3.07,3.98,6.89,35.81,29.36,2.0,29.1,108.79,10.39,12.45,80.49,13.37,0.737,97.49,27.45,0.0,29.85,0
2026-01-04 17:00:00,Zone_5,12.1,18.15,20.16,29.06,27.97,3.91,34.75,65.26,29.34,1.77,63.14,18.65,0.709,46.11,29.9,0.0,75.35,0
2026-01-04 17:05:00,Zone_5,10.18,16.02,18.74,96.97,54.33,2.0,25.05,77.21,6.9,10.79,49.28,4.81,0.612,71.88,22.19,0.0,34.85,0
2026-01-04 17:10:00,Zone_5,8.14,8.45,9.22,61.75,49.75,2.0,25.7,93.75,11.34,7.15,87.12,6.59,0.811,83.11,25.65,0.0,30.92,0
2026-01-04 17:15:00,Zone_2,12.05,12.45,14.42,125.7,70.8,2.0,49.99,105.6,18.82,11.24,61.91,9.29,0.605,85.72,55.0,0.0,58.32,0
2026-01-04 17:20:00,Zone_2,15.13,19.1,21.54,146.6,87.95,2.0,84.64,96.58,7.69,13.98,55.91,16.75,0.631,89.15,120.43,31.27,94.94,0
2026-01-04 17:25:00,Zone_3,10.3,11.3,19.4,121.48,61.57,2.0,54.9,89.93,6.45,11.5,88.57,7.58,0.781,84.13,55.94,0.0,65.25,0
2026-01-04 17:30:00,Zone_1,24.58,24.58,25.64,150.0,79.75,9.55,66.01,87.1,19.28,7.19,90.11,17.99,0.815,70.31,171.17,100.86,93.89,1
2026-01-04 17:35:00,Zone_5,15.6,16.24,23.32,149.57,86.19,8.32,28.04,92.34,4.84,3.11,61.95,3.93,0.732,87.86,33.5,0.0,31.92,0
2026-01-04 17:40:00,Zone_6,7.0,8.82,12.43,79.91,51.63,6.08,67.22,86.26,5.09,12.29,62.74,19.0,0.592,81.87,69.89,0.0,82.1,0
2026-01-04 17:45:00,Zone_1,6.72,9.93,10.0,79.14,39.51,2.0,55.88,96.43,8.91,7.45,73.98,12.53,0.732,87.84,56.46,0.0,63.61,0
2026-01-04 17:50:00,Zone_6,15.79,16.07,20.59,150.0,115.48,2.0,113.8,129.36,13.99,2.05,81.67,14.2,0.825,111.26,136.59,25.33,102.29,0
2026-01-04 17:55:00,Zone_1,9.35,9.58,9.71,79.67,40.59,2.0,30.97,105.12,31.36,11.07,48.16,9.25,0.575,72.16,32.99,0.0,42.92,0
2026-01-04 18:00:00,Zone_3,60.34,65.44,86.25,150.0,99.71,14.46,96.57,113.65,15.06,5.09,74.67,16.29,0.728,96.53,138.36,41.83,100.04,1
2026-01-04 18:05:00,Zone_5,30.16,32.94,40.15,150.0,113.34,10.46,53.78,101.76,35.12,1.68,92.64,5.83,0.834,66.02,56.71,0.0,81.45,0
2026-01-04 18:10:00,Zone_5,16.1,17.88,19.12,150.0,98.61,9.49,25.07,106.09,30.62,13.64,58.1,3.83,0.576,73.61,25.74,0.0,34.06,0
2026-01-04 18:15:00,Zone_4,9.99,12.92,13.96,106.65,64.96,5.97,43.8,99.94,55.18,7.76,90.44,9.72,0.81,44.8,65.35,20.55,97.77,0
2026-01-04 18:20:00,Zone_6,11.06,12.18,13.86,100.84,67.31,15.47,43.53,47.55,16.89,4.93,92.51,17.51,0.789,39.52,108.33,68.81,110.15,1
2026-01-04 18:25:00,Zone_1,9.65,12.49,14.03,106.03,62.18,13.83,77.65,139.96,37.55,11.03,58.46,15.83,0.704,87.41,91.89,4.49,88.83,0
2026-01-04 18:30:00,Zone_1,8.89,9.82,11.45,102.8,54.81,13.4,35.32,48.19,20.06,13.4,82.71,11.79,0.757,38.52,71.4,32.87,91.68,0
2026-01-04 18:35:00,Zone_8,13.11,13.67,15.01,150.0,104.85,17.04,64.43,82.54,21.26,1.0,56.94,12.73,0.613,64.99,91.07,26.08,99.14,1
2026-01-04 18:40:00,Zone_8,68.55,71.16,74.56,150.0,90.5,20.0,46.6,54.99,15.84,10.63,81.88,5.21,0.785,46.27,47.69,1.41,100.71,0
2026-01-04 18:45:00,Zone_2,32.27,33.36,33.98,150.0,108.74,39.21,32.38,54.21,32.39,11.74,84.87,17.29,0.789,36.65,159.17,122.52,88.36,1
2026-01-04 18:50:00,Zone_4,17.01,24.98,31.52,150.0,107.06,37.65,105.77,120.39,10.25,3.94,57.36,16.38,0.664,108.05,126.82,18.77,97.89,1
2026-01-04 18:55:00,Zone_7,13.11,13.97,19.83,129.15,85.95,41.99,45.72,85.46,45.45,7.85,80.79,14.16,0.811,46.62,115.4,68.78,98.08,1
2026-01-04 19:00:00,Zone_8,8.44,13.53,15.8,85.58,67.27,31.11,59.71,121.11,6.81,2.25,85.61,10.93,0.76,112.86,55.3,0.0,52.91,0
2026-01-04 19:05:00,Zone_7,16.06,21.46,28.17,150.0,90.97,42.38,45.66,70.91,35.19,11.45,62.93,19.4,0.716,45.96,162.07,116.11,99.36,1
2026-01-04 19:10:00,Zone_2,7.35,7.9,8.9,84.38,64.25,37.34,48.49,69.36,28.04,12.86,53.39,17.94,0.673,49.91,79.28,29.37,97.15,0
2026-01-04 19:15:00,Zone_2,4.99,8.19,8.25,58.94,47.65,37.97,34.67,68.87,11.51,2.51,49.6,13.96,0.575,60.94,36.78,0.0,56.89,0
2026-01-04 19:20:00,Zone_2,44.61,45.74,49.12,150.0,93.88,34.18,77.8,103.53,11.45,12.43,73.77,9.32,0.699,91.68,75.98,0.0,84.86,1
2026-01-04 19:25:00,Zone_6,22.91,27.9,30.05,150.0,92.34,32.95,112.1,122.42,5.93,11.8,93.9,13.51,0.821,115.17,129.36,14.19,97.34,1
2026-01-04 19:30:00,Zone_6,20.25,21.44,24.38,150.0,101.45,32.29,63.59,87.96,24.26,5.86,86.15,12.78,0.775,66.63,115.54,48.91,95.45,1
2026-01-04 19:35:00,Zone_3,15.61,18.34,26.37,150.0,121.12,38.31,38.94,81.03,47.26,10.66,66.79,9.7,0.735,42.73,83.22,40.49,91.12,1
2026-01-04 19:40:00,Zone_3,33.01,34.27,46.53,150.0,94.71,40.82,64.58,137.49,40.98,1.0,71.83,8.21,0.683,81.14,65.47,0.0,79.59,1
2026-01-04 19:45:00,Zone_2,21.44,21.96,25.48,150.0,92.09,41.81,46.68,56.09,18.9,14.05,58.98,9.92,0.652,45.49,75.48,29.99,102.61,1
2026-01-04 19:50:00,Zone_4,16.54,16.99,22.04,150.0,111.64,35.24,86.56,91.23,1.46,8.71,53.15,12.76,0.593,89.9,88.22,0.0,96.29,1
2026-01-04 19:55:00,Zone_1,11.63,12.74,13.05,139.37,91.41,29.7,53.86,83.81,34.54,9.68,69.1,10.28,0.699,54.86,77.85,23.0,98.19,1
2026-01-04 20:00:00,Zone_6,9.75,12.57,13.18,110.58,82.27,22.59,41.38,54.32,19.14,10.31,68.18,7.48,0.755,43.93,48.58,4.66,94.2,0
2026-01-04 20:05:00,Zone_4,20.15,22.01,26.64,150.0,115.2,29.22,66.61,70.48,4.3,8.86,71.1,15.94,0.76,67.45,141.33,73.89,98.76,1
2026-01-04 20:10:00,Zone_5,13.74,16.07,18.04,150.0,74.62,40.14,34.6,47.7,26.53,12.99,92.64,12.03,0.825,35.05,115.77,80.73,98.71,1
2026-01-04 20:15:00,Zone_6,14.14,14.81,16.87,150.0,97.05,29.59,33.71,128.31,13.82,9.54,75.19,4.15,0.745,110.58,36.07,0.0,30.48,0
2026-01-04 20:20:00,Zone_6,12.14,13.46,14.75,108.05,67.47,32.44,53.29,102.75,49.55,13.71,75.29,9.26,0.741,51.83,57.64,5.81,102.81,0
2026-01-04 20:25:00,Zone_3,45.51,45.61,48.88,150.0,85.95,33.6,84.97,122.43,25.54,9.15,51.4,18.04,0.598,91.16,125.86,34.7,93.21,1
2026-01-04 20:30:00,Zone_1,21.0,24.41,25.12,150.0,74.48,40.61,74.05,94.55,23.75,3.4,94.82,15.84,0.882,72.09,162.91,90.82,102.72,1
2026-01-04 20:35:00,Zone_1,11.26,20.45,23.9,123.96,61.48,34.21,67.15,101.95,30.47,13.79,83.64,8.5,0.808,70.89,66.16,0.0,94.72,0
2026-01-04 20:40:00,Zone_8,6.1,7.15,7.82,58.9,39.54,26.24,71.33,111.58,30.5,10.54,88.86,18.95,0.801,77.55,69.57,0.0,91.98,0
2026-01-04 20:45:00,Zone_7,10.96,10.98,11.21,77.93,44.25,12.39,12.57,131.26,16.81,10.79,65.72,4.3,0.672,109.19,17.53,0.0,11.52,0
2026-01-04 20:50:00,Zone_7,21.9,22.27,23.67,144.25,84.14,24.75,34.47,53.72,34.23,14.8,70.11,19.34,0.696,35.33,151.03,115.7,97.57,1
2026-01-04 20:55:00,Zone_7,30.89,33.0,33.92,150.0,98.63,23.58,64.53,76.44,5.1,2.05,71.1,7.18,0.716,72.54,59.93,0.0,88.95,0
2026-01-04 21:00:00,Zone_7,16.22,18.12,25.81,150.0,89.19,17.21,22.47,112.36,8.37,7.0,54.7,3.15,0.622,102.96,22.91,0.0,21.83,0
2026-01-04 21:05:00,Zone_5,19.66,22.76,22.96,150.0,112.98,13.91,94.99,136.04,18.2,4.35,79.47,10.37,0.782,111.28,94.6,0.0,85.36,0
2026-01-04 21:10:00,Zone_5,9.52,10.1,10.78,114.07,66.7,8.56,62.4,138.18,7.56,9.83,90.15,9.1,0.815,127.73,65.83,0.0,48.85,0
2026-01-04 21:15:00,Zone_6,6.97,9.86,12.64,83.5,72.34,2.66,42.08,105.62,14.57,12.3,53.19,12.16,0.587,90.23,46.4,0.0,46.63,0
2026-01-04 21:20:00,Zone_2,8.71,11.03,13.33,93.36,60.32,2.0,55.35,63.39,12.02,14.53,49.32,16.55,0.562,55.77,67.54,11.76,99.24,0
2026-01-04 21:25:00,Zone_3,6.51,7.29,7.45,66.05,35.11,6.74,48.43,56.32,8.58,7.36,81.91,17.32,0.789,51.49,70.24,18.74,94.05,0
2026-01-04 21:30:00,Zone_3,19.14,20.71,20.74,150.0,88.81,2.0,68.07,134.87,43.14,12.01,58.66,9.82,0.609,76.68,69.73,0.0,88.77,0
2026-01-04 21:35:00,Zone_7,26.89,27.21,42.71,150.0,115.67,2.0,76.24,86.22,10.0,13.84,76.19,10.31,0.721,77.6,86.64,9.04,98.24,0
2026-01-04 21:40:00,Zone_6,23.24,24.45,28.21,150.0,105.85,2.0,41.22,63.51,37.08,10.57,79.79,5.52,0.736,39.96,47.37,7.42,103.15,0
2026-01-04 21:45:00,Zone_8,14.65,18.91,20.5,150.0,88.39,2.0,29.05,133.72,17.9,4.4,61.1,3.81,0.618,109.78,27.47,0.0,26.46,0
2026-01-04 21:50:00,Zone_4,14.05,15.14,17.36,150.0,98.93,17.88,31.32,54.93,42.37,9.51,85.76,13.9,0.788,31.66,127.81,96.15,98.94,1
2026-01-04 21:55:00,Zone_2,8.4,12.06,13.15,97.55,35.11,10.08,24.69,114.31,3.17,14.58,72.5,4.1,0.709,110.69,22.02,0.0,22.3,0
2026-01-04 22:00:00,Zone_6,15.16,16.94,18.42,150.0,81.52,13.46,87.96,104.4,17.09,14.83,88.45,15.48,0.773,86.55,139.58,53.03,101.62,1
2026-01-04 22:05:00,Zone_2,18.76,19.19,22.85,150.0,88.5,22.4,44.34,53.33,14.41,9.99,83.16,12.16,0.828,45.65,117.56,71.91,97.14,1
2026-01-04 22:10:00,Zone_2,12.67,14.41,21.91,138.24,80.56,24.48,53.14,77.18,36.37,13.42,88.43,6.38,0.719,49.11,49.3,0.19,108.19,1
2026-01-04 22:15:00,Zone_2,7.31,8.72,9.43,83.69,68.96,14.51,40.64,59.24,14.8,3.8,46.01,12.17,0.554,50.48,43.91,0.0,80.52,0
2026-01-04 22:20:00,Zone_6,4.82,5.84,12.26,45.06,6.32,11.26,8.65,102.43,25.04,4.45,57.18,6.11,0.619,76.78,13.25,0.0,11.26,0
2026-01-04 22:25:00,Zone_7,8.43,8.69,9.14,98.13,46.65,8.73,48.59,90.33,29.44,14.34,49.5,10.46,0.557,63.73,44.44,0.0,76.24,0
2026-01-04 22:30:00,Zone_3,14.8,15.88,16.73,150.0,102.93,19.76,35.89,45.41,14.63,2.89,67.1,16.59,0.753,38.76,145.82,107.05,92.58,1
2026-01-04 22:35:00,Zone_3,11.23,11.38,11.51,109.51,73.95,13.81,71.93,137.69,20.38,3.68,89.5,10.85,0.865,109.64,79.95,0.0,65.61,0
2026-01-04 22:40:00,Zone_7,9.66,9.87,10.4,113.83,69.79,13.65,31.88,78.21,47.51,6.89,68.38,5.53,0.671,41.05,32.86,0.0,77.65,0
2026-01-04 22:45:00,Zone_2,59.04,60.12,68.84,150.0,122.13,31.98,58.66,69.53,19.32,9.25,87.49,15.31,0.825,56.09,147.4,91.31,104.57,1
2026-01-04 22:50:00,Zone_4,26.44,27.17,29.32,150.0,104.91,36.46,46.71,66.13,26.5,9.45,61.36,6.18,0.675,48.61,48.61,0.0,96.1,1
2026-01-04 22:55:00,Zone_1,13.88,19.08,19.36,150.0,112.17,41.46,43.46,60.09,17.16,5.09,61.98,15.56,0.71,49.78,128.77,79.0,87.3,1
2026-01-04 23:00:00,Zone_6,9.31,10.25,21.5,106.21,68.43,35.46,62.17,139.92,54.02,13.89,89.78,11.15,0.796,64.33,73.28,8.95,96.65,0
2026-01-04 23:05:00,Zone_1,10.41,13.25,20.64,111.48,65.94,30.39,53.26,73.04,24.82,13.81,66.29,10.71,0.694,54.91,64.51,9.6,96.99,0
2026-01-04 23:10:00,Zone_8,8.73,10.25,15.16,91.69,53.21,30.06,64.82,83.52,19.58,6.49,84.49,17.47,0.815,67.17,101.51,34.33,96.5,0
2026-01-04 23:15:00,Zone_7,10.48,12.91,22.4,79.25,62.64,23.04,60.13,127.78,32.12,7.08,56.83,15.05,0.672,86.74,62.29,0.0,69.33,0
2026-01-04 23:20:00,Zone_4,7.69,8.29,9.16,77.92,59.92,16.33,15.6,105.98,15.62,10.83,92.44,3.56,0.817,89.42,17.62,0.0,17.45,0
2026-01-04 23:25:00,Zone_6,24.07,29.76,36.1,150.0,94.88,14.45,66.9,80.03,10.29,10.28,73.73,8.03,0.69,71.79,64.72,0.0,93.18,0
2026-01-04 23:30:00,Zone_7,13.33,14.84,18.94,150.0,103.16,12.34,111.88,130.34,11.05,6.35,82.97,17.81,0.742,115.94,154.12,38.19,96.5,1
2026-01-04 23:35:00,Zone_2,14.92,18.48,25.61,125.45,93.09,6.11,17.99,116.22,19.57,6.8,49.48,3.31,0.542,93.48,17.51,0.0,19.25,0
2026-01-04 23:40:00,Zone_3,55.32,56.23,61.81,150.0,90.73,19.58,51.69,66.65,21.59,5.87,69.63,12.27,0.722,52.26,103.32,51.06,98.91,1
2026-01-04 23:45:00,Zone_1,26.41,26.62,28.11,150.0,93.38,23.44,80.1,106.16,21.23,4.3,90.05,15.37,0.807,83.62,144.67,61.05,95.79,1
2026-01-04 23:50:00,Zone_5,16.51,18.75,23.96,150.0,102.86,19.53,112.97,132.63,11.34,7.41,88.85,13.57,0.803,117.58,127.13,9.55,96.08,1
2026-01-04 23:55:00,Zone_5,12.38,12.39,13.46,138.34,68.46,17.07,80.37,92.16,11.25,10.61,47.34,15.93,0.586,81.8,100.43,18.63,98.26,0
2026-01-05 00:00:00,Zone_4,10.93,12.22,13.61,99.39,70.19,9.65,68.15,114.69,10.23,11.39,60.18,15.34,0.617,102.96,73.11,0.0,66.19,0
2026-01-05 00:05:00,Zone_2,10.27,10.7,11.1,92.11,46.37,8.19,79.52,137.25,16.84,11.9,67.17,14.76,0.695,114.14,73.54,0.0,69.67,0
2026-01-05 00:10:00,Zone_8,10.37,12.35,21.92,120.69,89.75,7.73,70.12,110.59,33.71,6.25,53.61,16.97,0.636,73.3,101.33,28.03,95.66,0
2026-01-05 00:15:00,Zone_1,11.74,19.5,20.71,119.1,103.19,13.61,45.33,54.73,13.3,11.7,81.5,13.98,0.731,47.45,94.7,47.25,95.53,1
2026-01-05 00:20:00,Zone_2,7.16,8.4,10.98,79.69,43.43,8.34,40.04,68.23,30.9,1.09,54.23,9.84,0.62,47.15,37.83,0.0,84.93,0
2026-01-05 00:25:00,Zone_1,4.73,8.14,9.87,50.45,16.6,2.0,27.27,101.53,23.45,7.68,62.33,11.02,0.642,77.73,27.78,0.0,35.08,0
2026-01-05 00:30:00,Zone_4,10.09,11.5,22.76,114.71,72.4,5.42,44.44,71.18,34.49,12.11,78.16,15.18,0.734,46.63,99.49,52.86,95.31,0
2026-01-05 00:35:00,Zone_4,7.69,9.06,10.49,69.04,41.69,2.0,59.56,135.97,30.35,9.82,69.1,17.9,0.661,94.7,63.57,0.0,62.89,0
2026-01-05 00:40:00,Zone_8,4.11,9.44,14.72,44.65,36.95,2.0,20.21,83.51,10.5,7.64,81.93,7.63,0.752,74.74,19.91,0.0,27.05,0
2026-01-05 00:45:00,Zone_5,2.26,6.67,13.44,27.11,20.43,2.0,14.42,88.44,2.89,10.02,93.06,8.82,0.864,85.88,16.06,0.0,16.79,0
2026-01-05 00:50:00,Zone_2,3.79,6.87,8.87,22.86,11.3,2.0,25.95,111.65,55.83,13.7,50.83,18.82,0.589,49.32,19.71,0.0,52.63,0
2026-01-05 00:55:00,Zone_6,6.45,7.15,8.81,73.97,49.17,2.0,53.43,94.8,30.41,8.93,80.48,12.83,0.732,65.97,54.05,0.0,80.99,0
2026-01-05 01:00:00,Zone_5,3.46,5.04,9.86,39.54,12.24,4.1,4.61,81.3,42.92,12.2,56.52,6.04,0.614,46.41,11.41,0.0,9.93,0
2026-01-05 01:05:00,Zone_2,5.45,5.95,14.5,60.48,49.26,2.62,35.35,52.28,36.57,14.73,65.72,14.28,0.673,33.16,45.21,12.05,106.6,0
2026-01-05 01:10:00,Zone_5,3.57,4.74,9.66,34.22,41.66,2.0,30.64,101.66,12.54,10.88,46.64,19.84,0.637,88.92,33.64,0.0,34.46,0
2026-01-05 01:15:00,Zone_6,4.23,5.56,6.46,39.14,11.07,2.0,34.02,127.42,23.3,9.03,51.8,17.0,0.651,97.73,33.7,0.0,34.81,0
2026-01-05 01:20:00,Zone_3,4.14,7.71,15.38,48.89,12.83,2.0,43.0,110.15,8.08,1.52,60.99,15.68,0.651,101.24,38.79,0.0,42.48,0
2026-01-05 01:25:00,Zone_3,9.57,14.1,15.81,51.36,28.56,3.1,15.82,81.24,45.97,6.24,62.1,6.54,0.641,43.9,16.74,0.0,36.04,0
2026-01-05 01:30:00,Zone_8,7.48,8.55,11.55,67.07,28.94,7.66,40.14,57.13,27.21,8.92,89.98,17.89,0.747,41.59,69.73,28.14,96.52,0
2026-01-05 01:35:00,Zone_3,6.92,6.95,13.18,75.98,34.07,2.0,54.53,122.55,5.2,12.16,82.09,11.94,0.733,116.18,51.72,0.0,46.93,0
2026-01-05 01:40:00,Zone_3,7.0,10.95,11.68,77.05,33.26,2.0,86.66,134.47,21.72,7.13,93.61,18.12,0.759,105.26,82.38,0.0,82.33,0
2026-01-05 01:45:00,Zone_7,5.19,5.58,10.95,51.6,31.22,3.02,25.39,81.89,35.03,14.44,74.95,8.61,0.747,53.2,25.8,0.0,47.73,0
2026-01-05 01:50:00,Zone_1,6.75,8.7,11.87,63.32,36.22,2.0,19.56,114.22,3.6,4.81,57.09,4.05,0.675,110.11,13.49,0.0,17.76,0
2026-01-05 01:55:00,Zone_7,9.07,9.12,16.96,106.03,73.4,2.0,31.34,84.02,55.61,11.42,61.38,11.09,0.646,37.3,59.06,21.76,84.02,0
2026-01-05 02:00:00,Zone_7,28.19,29.21,29.87,150.0,90.74,2.0,56.29,92.72,22.03,6.87,60.99,7.59,0.666,72.29,58.99,0.0,77.86,0
2026-01-05 02:05:00,Zone_8,19.67,28.2,30.11,150.0,82.9,2.0,103.35,124.47,14.09,7.8,61.32,15.16,0.624,106.93,110.35,3.42,96.66,0
2026-01-05 02:10:00,Zone_7,8.72,8.93,15.19,99.26,64.32,6.48,46.9,52.93,15.68,12.24,78.65,19.27,0.685,44.63,101.92,57.29,105.1,0
2026-01-05 02:15:00,Zone_3,5.69,6.79,6.86,59.69,26.1,2.0,49.26,95.38,15.39,5.15,71.54,14.75,0.709,80.7,48.57,0.0,61.04,0
2026-01-05 02:20:00,Zone_6,6.58,7.31,7.73,42.02,33.46,2.0,38.32,65.39,6.48,2.36,64.27,18.08,0.683,61.15,40.34,0.0,62.66,0
2026-01-05 02:25:00,Zone_8,4.67,9.38,25.7,36.45,3.7,2.0,16.75,77.28,29.21,8.28,52.45,10.7,0.663,54.71,20.13,0.0,30.61,0
2026-01-05 02:30:00,Zone_8,2.37,6.44,7.59,20.89,0.0,2.0,12.35,106.22,12.02,8.4,46.11,16.12,0.642,93.45,16.83,0.0,13.21,0
2026-01-05 02:35:00,Zone_4,4.94,5.49,18.47,38.6,5.77,2.0,33.88,47.59,5.69,12.16,55.94,17.33,0.621,44.88,32.33,0.0,75.48,0
2026-01-05 02:40:00,Zone_8,41.78,41.95,42.65,150.0,92.48,2.0,87.22,101.41,11.07,14.56,50.37,15.08,0.629,90.19,110.74,20.55,96.7,0
2026-01-05 02:45:00,Zone_4,22.26,24.23,25.8,150.0,94.05,14.46,56.59,71.93,24.03,1.77,84.27,11.63,0.781,54.64,105.96,51.32,103.57,1
2026-01-05 02:50:00,Zone_8,41.89,42.71,47.6,150.0,99.14,19.58,77.55,108.6,23.1,9.28,50.62,13.64,0.603,83.52,95.99,12.47,92.85,1
2026-01-05 02:55:00,Zone_1,24.32,26.55,30.31,150.0,90.72,27.01,49.57,58.45,15.7,10.54,81.21,14.91,0.755,49.27,131.31,82.04,100.6,1
2026-01-05 03:00:00,Zone_3,20.43,20.5,23.54,150.0,87.34,19.47,56.7,114.9,23.44,14.8,64.28,7.3,0.667,87.97,56.83,0.0,64.46,0
2026-01-05 03:05:00,Zone_8,12.96,13.24,15.89,108.67,87.83,14.35,81.79,106.34,19.24,14.2,48.67,16.76,0.59,85.87,83.63,0.0,95.25,0
2026-01-05 03:10:00,Zone_3,10.31,12.62,19.11,80.47,66.33,9.15,91.98,137.27,30.42,10.97,85.64,19.16,0.828,95.51,99.25,3.74,96.3,0
2026-01-05 03:15:00,Zone_3,8.6,9.07,10.01,90.24,70.49,2.0,55.93,131.57,18.6,8.31,73.98,10.91,0.726,107.09,55.62,0.0,52.22,0
2026-01-05 03:20:00,Zone_5,4.23,8.13,10.18,42.77,31.5,2.0,33.96,71.91,31.75,3.26,56.79,14.92,0.686,49.08,34.05,0.0,69.18,0
2026-01-05 03:25:00,Zone_8,5.46,5.58,6.18,54.3,39.96,2.0,33.88,47.6,21.63,6.38,89.73,15.53,0.772,37.3,50.61,13.31,90.83,0
2026-01-05 03:30:00,Zone_2,5.01,5.49,8.66,39.0,15.69,2.0,23.23,107.26,18.06,9.19,47.26,14.26,0.501,87.89,21.68,0.0,26.43,0
2026-01-05 03:35:00,Zone_5,5.56,18.65,19.66,27.94,19.89,2.0,19.96,102.27,24.11,11.15,55.09,12.3,0.612,77.62,16.35,0.0,25.72,0
2026-01-05 03:40:00,Zone_2,1.95,3.08,4.51,19.21,1.21,2.0,19.1,47.61,5.86,9.9,82.6,17.99,0.738,44.82,19.83,0.0,42.61,0
2026-01-05 03:45:00,Zone_3,14.21,16.63,18.86,125.4,68.87,2.0,46.95,56.65,18.59,11.0,80.47,10.63,0.708,46.12,73.37,27.24,101.78,0
2026-01-05 03:50:00,Zone_3,9.04,9.44,9.54,78.08,31.34,2.0,16.35,100.55,32.98,7.01,59.46,4.04,0.686,67.39,16.83,0.0,24.27,0
2026-01-05 03:55:00,Zone_5,11.38,13.26,13.6,67.17,48.53,2.76,57.14,131.62,19.74,11.19,48.1,17.36,0.55,105.64,49.91,0.0,54.09,0
2026-01-05 04:00:00,Zone_5,18.75,21.34,25.39,150.0,99.46,3.33,115.09,131.12,10.47,3.01,87.9,14.46,0.807,117.39,136.12,18.73,98.04,0
2026-01-05 04:05:00,Zone_2,10.08,10.84,12.8,115.06,71.15,7.83,50.72,59.39,16.48,3.28,60.68,17.44,0.714,49.6,111.39,61.79,102.24,1
2026-01-05 04:10:00,Zone_4,11.96,15.49,22.49,141.48,86.76,12.26,38.24,81.53,25.33,3.28,54.79,5.36,0.589,60.88,34.74,0.0,62.8,0
2026-01-05 04:15:00,Zone_2,8.94,10.79,14.94,105.09,46.34,6.39,18.15,49.1,17.82,13.47,70.8,3.52,0.697,40.35,20.07,0.0,44.98,0
2026-01-05 04:20:00,Zone_5,7.08,8.07,8.1,78.78,54.28,3.94,68.68,89.58,24.18,2.06,90.51,18.88,0.843,67.92,97.56,29.64,101.12,0
2026-01-05 04:25:00,Zone_6,4.6,6.24,9.59,38.11,20.99,2.0,11.96,116.54,16.47,12.22,47.18,5.51,0.573,97.34,9.37,0.0,12.28,0
2026-01-05 04:30:00,Zone_5,4.38,6.1,6.44,23.17,25.81,2.0,24.74,120.05,3.87,4.27,83.29,16.76,0.776,115.4,23.45,0.0,21.44,0
2026-01-05 04:35:00,Zone_6,10.28,10.65,15.96,82.09,55.11,7.62,62.0,92.4,34.07,7.56,73.62,16.99,0.737,60.92,80.0,19.07,101.76,0
2026-01-05 04:40:00,Zone_1,4.69,5.72,22.41,38.72,33.64,5.46,29.17,54.11,18.95,13.82,66.27,15.05,0.687,43.86,31.12,0.0,66.52,0
2026-01-05 04:45:00,Zone_5,4.15,4.99,7.64,49.72,32.23,2.0,21.57,81.23,31.96,9.2,82.2,5.23,0.748,55.27,15.12,0.0,39.02,0
2026-01-05 04:50:00,Zone_1,4.98,6.0,10.02,56.05,38.61,2.0,42.4,133.55,42.93,3.94,93.29,14.35,0.793,76.21,49.59,0.0,55.63,0
2026-01-05 04:55:00,Zone_4,6.41,9.27,10.22,75.04,59.95,2.0,53.95,66.81,13.75,4.98,56.46,18.11,0.599,57.62,63.38,5.75,93.62,0
2026-01-05 05:00:00,Zone_2,46.0,47.32,49.33,150.0,95.19,6.38,59.98,75.38,13.38,13.89,52.18,10.23,0.629,65.29,75.08,9.78,91.85,0
2026-01-05 05:05:00,Zone_6,27.94,33.58,40.36,150.0,103.16,2.0,96.85,115.95,7.93,6.98,90.64,10.03,0.783,106.76,91.68,0.0,90.72,0
2026-01-05 05:10:00,Zone_2,14.05,14.74,15.38,150.0,92.18,2.0,92.75,114.69,17.13,9.22,78.45,10.53,0.778,95.04,95.58,0.54,97.59,0
2026-01-05 05:15:00,Zone_1,12.28,13.36,14.44,139.7,89.23,4.86,32.16,131.66,28.14,7.44,66.9,4.4,0.732,94.61,34.99,0.0,33.99,0
2026-01-05 05:20:00,Zone_6,7.4,10.49,12.56,85.27,74.55,2.0,68.32,81.87,12.58,6.3,73.66,18.16,0.684,71.57,82.36,10.78,95.46,0
2026-01-05 05:25:00,Zone_2,43.75,45.33,49.69,150.0,105.19,23.87,51.83,93.89,38.7,4.13,82.28,17.78,0.784,57.55,162.5,104.95,90.05,1
2026-01-05 05:30:00,Zone_5,20.14,21.72,23.37,150.0,91.0,34.08,62.91,89.4,30.34,10.61,83.65,19.96,0.83,62.28,193.33,131.05,101.02,1
2026-01-05 05:35:00,Zone_3,10.13,10.24,19.43,109.24,76.08,28.43,87.92,133.14,27.89,11.06,90.99,12.95,0.779,96.0,85.73,0.0,91.58,0
2026-01-05 05:40:00,Zone_1,5.31,6.33,6.68,53.72,19.56,22.01,48.21,118.09,24.34,4.85,66.34,15.77,0.718,89.34,47.3,0.0,53.96,0
2026-01-05 05:45:00,Zone_2,6.74,7.37,8.99,24.6,13.34,15.52,6.06,123.99,5.18,12.05,59.67,6.45,0.665,117.57,8.21,0.0,5.15,0
2026-01-05 05:50:00,Zone_1,6.64,21.27,25.59,75.3,37.5,14.89,58.28,57.64,4.93,12.96,76.98,14.35,0.764,54.8,64.18,9.38,106.35,0
2026-01-05 05:55:00,Zone_7,13.55,14.29,15.18,149.53,102.61,4.46,106.39,120.23,11.69,13.89,65.79,14.05,0.656,106.17,107.19,1.02,100.21,0
2026-01-05 06:00:00,Zone_1,41.88,46.19,49.93,150.0,95.23,22.26,33.96,86.13,53.57,3.26,74.73,18.32,0.781,39.99,166.89,126.9,84.91,1
2026-01-05 06:05:00,Zone_6,19.43,21.69,22.32,150.0,100.9,30.01,25.49,47.22,43.66,5.25,66.0,17.12,0.66,26.6,131.83,105.23,95.81,1
2026-01-05 06:10:00,Zone_7,14.22,15.06,15.26,123.07,89.29,37.52,28.06,50.71,36.55,13.04,52.65,18.95,0.632,32.18,114.75,82.57,87.21,1
2026-01-05 06:15:00,Zone_8,12.96,14.53,14.98,147.01,90.03,32.07,92.29,109.4,18.04,3.78,68.47,17.77,0.69,89.67,140.29,50.62,102.92,1
2026-01-05 06:20:00,Zone_6,6.69,10.36,19.67,69.06,39.79,21.02,59.72,80.34,22.45,1.05,79.55,17.77,0.764,62.31,72.89,10.59,95.84,0
2026-01-05 06:25:00,Zone_3,4.32,8.61,11.42,50.12,32.14,12.41,7.73,127.47,19.64,13.19,84.96,4.08,0.745,102.44,11.86,0.0,7.54,0
2026-01-05 06:30:00,Zone_7,3.64,3.98,9.55,26.72,7.04,2.0,23.46,114.76,15.73,5.57,69.67,17.38,0.662,96.7,23.89,0.0,24.26,0
2026-01-05 06:35:00,Zone_8,2.72,3.55,4.96,26.51,17.1,2.0,21.94,47.06,29.79,6.8,53.26,13.33,0.625,33.04,17.17,0.0,66.42,0
2026-01-05 06:40:00,Zone_5,6.48,7.3,10.44,74.65,49.02,2.0,39.3,110.25,11.8,7.25,65.73,9.47,0.668,97.25,36.7,0.0,40.41,0
2026-01-05 06:45:00,Zone_1,8.22,8.31,10.7,84.48,57.66,2.0,18.2,63.27,6.14,12.88,84.31,3.96,0.76,59.39,19.77,0.0,30.65,0
2026-01-05 06:50:00,Zone_2,8.13,9.96,20.16,83.91,59.58,2.0,65.3,85.15,15.56,5.73,65.64,14.52,0.695,71.9,65.82,0.0,90.83,0
2026-01-05 06:55:00,Zone_4,6.32,10.18,15.0,74.43,29.14,3.27,37.96,104.35,26.95,13.49,79.83,8.58,0.704,76.23,34.98,0.0,49.81,0
2026-01-05 07:00:00,Zone_1,6.36,7.32,11.91,54.72,20.15,2.0,38.58,127.91,37.03,9.64,70.36,10.95,0.738,80.54,34.4,0.0,47.9,0
2026-01-05 07:05:00,Zone_8,4.52,7.21,7.38,36.61,9.79,2.0,21.89,88.33,36.66,8.38,57.06,14.59,0.639,55.95,26.54,0.0,39.12,0
2026-01-05 07:10:00,Zone_1,8.39,10.36,13.16,96.89,64.09,2.0,111.56,121.81,4.25,5.56,84.81,18.5,0.797,116.63,111.1,0.0,95.65,0
2026-01-05 07:15:00,Zone_3,9.59,10.53,12.73,103.66,63.97,2.0,82.96,119.38,22.8,4.41,49.21,17.03,0.612,92.16,84.02,0.0,90.01,0
2026-01-05 07:20:00,Zone_5,6.32,6.63,15.83,52.95,7.21,3.62,30.31,84.38,10.48,9.74,71.24,10.66,0.724,75.54,31.77,0.0,40.13,0
2026-01-05 07:25:00,Zone_4,3.29,5.76,6.8,25.91,40.2,2.0,15.45,92.59,23.62,7.26,55.44,9.59,0.591,70.72,11.43,0.0,21.85,0
2026-01-05 07:30:00,Zone_7,6.0,9.86,10.96,62.95,17.05,2.0,17.65,111.55,47.37,13.75,48.35,7.08,0.627,58.7,21.71,0.0,30.06,0
2026-01-05 07:35:00,Zone_7,56.19,58.51,60.36,150.0,97.87,16.19,28.76,47.96,43.94,7.88,70.15,9.33,0.709,26.89,77.18,50.29,106.98,1
2026-01-05 07:40:00,Zone_7,26.51,26.54,27.52,150.0,104.26,10.08,32.25,129.63,6.66,8.17,69.98,4.89,0.686,121.0,39.1,0.0,26.66,0
2026-01-05 07:45:00,Zone_8,17.86,18.35,18.84,150.0,88.86,13.09,102.09,118.13,9.93,6.83,80.35,19.51,0.748,106.4,170.24,63.84,95.96,1
2026-01-05 07:50:00,Zone_6,8.4,8.54,15.36,80.75,60.17,14.67,43.73,68.69,35.19,12.05,82.24,12.76,0.772,44.52,61.86,17.34,98.23,0
2026-01-05 07:55:00,Zone_6,38.16,39.85,42.7,150.0,85.4,12.1,42.07,138.21,19.37,6.95,81.39,5.17,0.762,111.44,46.01,0.0,37.75,0
2026-01-05 08:00:00,Zone_2,22.63,25.46,32.37,150.0,99.55,13.48,64.65,62.04,4.55,4.77,65.48,9.0,0.695,59.22,72.99,13.77,109.16,1
2026-01-05 08:05:00,Zone_4,16.54,16.78,23.0,150.0,71.33,10.6,98.14,131.84,22.38,13.07,76.58,12.3,0.783,102.33,112.29,9.95,95.9,0
2026-01-05 08:10:00,Zone_7,26.87,30.51,31.67,150.0,111.58,14.4,54.28,75.82,23.73,9.36,73.85,12.06,0.688,57.83,96.81,38.98,93.86,1
2026-01-05 08:15:00,Zone_6,22.05,23.67,26.45,150.0,97.51,8.13,27.47,117.5,10.7,9.28,66.08,3.6,0.703,104.92,29.55,0.0,26.18,0
2026-01-05 08:20:00,Zone_8,15.25,17.59,17.89,129.38,64.96,16.1,50.3,88.36,43.93,9.55,74.86,19.16,0.721,49.54,139.06,89.51,101.53,1
2026-01-05 08:25:00,Zone_2,5.96,13.07,21.71,70.05,53.07,12.67,38.13,114.96,32.44,11.06,92.36,7.68,0.846,77.67,35.41,0.0,49.09,0
2026-01-05 08:30:00,Zone_5,50.69,50.87,52.68,150.0,117.09,19.35,24.36,59.8,8.72,5.38,54.64,3.28,0.672,54.59,25.68,0.0,44.63,0
2026-01-05 08:35:00,Zone_2,49.09,53.72,55.47,150.0,86.38,19.09,41.45,70.6,20.56,1.47,90.29,4.3,0.807,56.09,40.5,0.0,73.89,0
2026-01-05 08:40:00,Zone_6,26.2,26.47,27.73,150.0,94.98,22.87,49.03,54.49,10.4,12.35,47.67,12.86,0.607,48.82,91.09,42.27,100.42,1
2026-01-05 08:45:00,Zone_3,12.58,13.57,15.74,141.16,85.58,14.25,36.06,127.19,22.86,2.8,60.42,5.34,0.689,98.11,40.39,0.0,36.76,0
2026-01-05 08:50:00,Zone_8,7.38,11.2,12.21,78.15,41.55,12.15,14.91,73.15,6.14,11.11,59.41,3.71,0.677,68.65,15.26,0.0,21.71,0
2026-01-05 08:55:00,Zone_3,8.1,12.84,14.48,79.14,40.93,4.65,42.87,110.98,8.6,2.15,76.32,9.45,0.769,101.43,44.76,0.0,42.27,0
2026-01-05 09:00:00,Zone_7,8.8,10.22,15.85,78.85,43.49,5.84,45.23,122.92,12.71,6.25,51.56,13.59,0.599,107.3,49.9,0.0,42.15,0
2026-01-05 09:05:00,Zone_3,5.18,6.98,13.27,61.49,32.86,2.0,18.92,130.63,12.2,1.88,89.12,4.9,0.78,114.7,18.28,0.0,16.5,0
2026-01-05 09:10:00,Zone_7,12.02,14.48,15.75,128.07,78.97,5.99,51.66,55.1,9.96,8.31,86.43,8.33,0.748,49.61,62.04,12.43,104.14,0
2026-01-05 09:15:00,Zone_7,7.38,10.96,13.17,84.82,49.98,2.0,48.93,129.84,18.34,10.14,77.6,10.1,0.732,106.02,48.79,0.0,46.15,0
2026-01-05 09:20:00,Zone_6,9.57,9.83,17.08,107.23,78.83,2.0,25.01,63.74,29.23,3.4,67.92,5.71,0.687,45.11,32.72,0.0,55.44,0
2026-01-05 09:25:00,Zone_3,5.81,9.13,9.32,61.99,48.35,2.0,43.6,115.01,30.35,6.2,91.65,11.6,0.804,80.1,44.97,0.0,54.44,0
2026-01-05 09:30:00,Zone_7,5.71,7.02,14.72,57.09,18.71,2.0,13.07,114.24,14.39,14.02,86.54,4.45,0.797,97.8,15.75,0.0,13.37,0
2026-01-05 09:35:00,Zone_4,6.15,7.35,8.22,66.52,36.12,2.0,19.37,45.81,25.14,7.19,69.97,3.79,0.715,34.29,14.03,0.0,56.49,0
2026-01-05 09:40:00,Zone_5,2.74,3.84,7.81,30.79,35.02,2.92,20.2,65.96,37.09,12.24,80.09,11.84,0.749,41.5,21.22,0.0,48.69,0
2026-01-05 09:45:00,Zone_2,10.0,11.42,14.48,117.16,79.68,2.0,42.96,91.73,15.14,13.98,73.35,7.21,0.727,77.84,47.8,0.0,55.18,0
2026-01-05 09:50:00,Zone_2,5.04,10.84,13.66,59.84,42.91,2.0,15.93,84.9,27.93,14.64,74.4,4.62,0.747,61.19,16.06,0.0,26.03,0
2026-01-05 09:55:00,Zone_6,6.9,8.49,15.36,71.41,49.28,2.0,37.83,132.26,15.76,13.58,61.55,10.21,0.634,111.42,35.93,0.0,33.95,0
2026-01-05 10:00:00,Zone_3,8.19,14.32,14.69,42.73,24.63,2.0,44.61,79.18,33.15,5.44,68.1,18.56,0.719,52.93,44.31,0.0,84.28,0
2026-01-05 10:05:00,Zone_3,1.91,2.31,3.8,20.71,12.97,2.0,11.8,134.01,9.03,14.48,48.91,15.31,0.576,121.92,14.21,0.0,9.68,0
2026-01-05 10:10:00,Zone_7,6.67,9.24,11.95,27.36,12.93,2.0,24.01,88.65,23.89,12.37,62.87,16.87,0.708,67.47,25.39,0.0,35.59,0
2026-01-05 10:15:00,Zone_8,3.26,6.6,12.44,15.31,20.22,2.0,18.3,136.61,8.64,12.72,79.79,17.82,0.754,124.81,16.0,0.0,14.66,0
2026-01-05 10:20:00,Zone_1,4.15,6.42,7.27,31.5,15.74,2.0,39.32,115.05,27.37,1.21,92.66,19.53,0.815,83.56,39.01,0.0,47.05,0
2026-01-05 10:25:00,Zone_7,10.21,12.08,17.77,103.91,66.19,2.0,99.99,123.79,22.58,14.36,93.15,15.98,0.762,95.83,98.39,2.56,104.34,0
2026-01-05 10:30:00,Zone_5,6.94,8.61,10.39,51.78,42.48,2.0,39.72,54.96,8.45,11.89,72.79,13.34,0.734,50.32,39.43,0.0,78.93,0
2026-01-05 10:35:00,Zone_4,5.76,9.71,10.44,67.13,39.7,2.0,30.5,100.68,27.36,11.75,75.33,9.21,0.73,73.13,35.09,0.0,41.71,0
2026-01-05 10:40:00,Zone_2,6.45,9.9,14.88,64.73,41.22,2.13,18.61,58.56,34.64,2.14,54.29,6.09,0.627,38.27,19.21,0.0,48.62,0
2026-01-05 10:45:00,Zone_7,5.49,5.75,6.08,44.37,24.54,2.0,36.09,73.27,47.28,4.26,79.77,14.67,0.746,38.63,37.78,0.0,93.41,0
2026-01-05 10:50:00,Zone_1,8.28,12.06,14.59,83.5,53.2,2.0,74.42,104.24,13.84,14.47,48.53,19.91,0.611,89.82,79.07,0.0,82.85,0
2026-01-05 10:55:00,Zone_1,14.6,15.67,15.9,143.04,89.08,4.18,82.09,113.99,14.26,8.01,59.23,10.95,0.671,97.73,81.7,0.0,83.99,0
2026-01-05 11:00:00,Zone_7,6.33,6.91,8.45,74.56,42.03,8.36,33.11,48.72,28.02,6.57,78.42,15.3,0.757,35.07,67.14,32.08,94.42,0
2026-01-05 11:05:00,Zone_6,6.31,10.39,13.6,54.61,27.0,4.68,34.01,95.44,21.43,12.76,60.52,11.42,0.692,74.99,33.56,0.0,45.35,0
2026-01-05 11:10:00,Zone_2,3.73,4.86,7.7,30.97,18.06,4.79,19.59,98.7,36.73,2.22,47.49,10.34,0.566,62.46,14.1,0.0,31.36,0
2026-01-05 11:15:00,Zone_6,6.01,9.31,11.13,63.49,53.49,3.6,37.31,52.49,22.6,6.84,86.59,9.98,0.765,40.62,37.69,0.0,91.83,0
2026-01-05 11:20:00,Zone_4,47.63,48.25,50.21,150.0,104.98,4.85,86.24,92.57,8.32,6.26,60.52,11.58,0.665,84.86,89.8,4.94,101.62,0
2026-01-05 11:25:00,Zone_1,24.12,24.13,25.03,150.0,78.55,3.2,65.23,112.82,27.82,5.9,48.16,9.24,0.611,81.44,65.81,0.0,80.1,0
2026-01-05 11:30:00,Zone_1,27.27,28.64,30.77,150.0,92.35,13.61,31.16,50.06,39.01,5.31,48.74,15.73,0.609,30.53,111.79,81.26,102.08,1
2026-01-05 11:35:00,Zone_5,15.29,15.5,26.22,150.0,89.84,13.12,82.52,117.23,28.48,3.94,57.59,17.86,0.599,83.84,124.9,41.05,98.43,1
2026-01-05 11:40:00,Zone_4,14.87,17.67,24.32,147.04,76.83,10.3,80.12,99.76,18.86,3.42,53.9,18.01,0.583,80.94,120.16,39.22,98.99,1
2026-01-05 11:45:00,Zone_1,8.85,9.5,10.05,96.98,66.34,3.98,39.15,124.16,49.47,9.97,83.72,6.87,0.763,62.74,39.54,0.0,62.4,0
2026-01-05 11:50:00,Zone_4,4.25,5.42,5.53,49.04,30.72,6.51,34.12,65.72,53.78,13.87,61.08,18.23,0.602,30.37,41.84,11.47,112.32,0
2026-01-05 11:55:00,Zone_2,6.91,7.1,16.58,81.82,77.46,2.0,45.83,124.16,4.33,8.12,85.23,8.81,0.784,118.78,43.94,0.0,38.59,0
2026-01-05 12:00:00,Zone_3,4.57,5.25,7.87,53.91,31.03,2.0,21.68,53.98,26.84,5.17,53.69,8.26,0.616,39.5,21.34,0.0,54.9,0
2026-01-05 12:05:00,Zone_1,2.84,5.88,8.58,25.42,7.21,2.0,23.09,83.36,9.25,3.23,69.64,15.35,0.671,75.65,20.37,0.0,30.53,0
2026-01-05 12:10:00,Zone_5,7.43,7.76,13.07,81.74,42.65,2.0,38.37,63.95,35.95,12.62,79.4,8.18,0.73,40.96,37.99,0.0,93.68,0
2026-01-05 12:15:00,Zone_2,5.03,7.12,8.44,37.62,19.04,2.0,11.81,128.22,6.87,14.6,77.6,3.9,0.741,119.41,8.46,0.0,9.89,0
2026-01-05 12:20:00,Zone_7,6.96,11.94,14.25,59.03,45.45,2.0,25.68,111.97,12.63,5.89,75.06,9.35,0.68,97.82,29.21,0.0,26.25,0
2026-01-05 12:25:00,Zone_4,3.32,5.6,17.72,38.9,33.74,4.29,35.12,47.41,38.17,5.07,91.24,15.26,0.788,29.31,36.4,7.09,119.82,0
2026-01-05 12:30:00,Zone_7,4.88,8.21,12.11,54.04,70.24,9.3,22.97,45.9,10.91,9.42,56.43,8.56,0.624,40.89,22.45,0.0,56.17,0
2026-01-05 12:35:00,Zone_6,54.77,55.0,55.58,150.0,83.02,18.2,49.67,72.67,25.45,11.85,69.69,13.7,0.689,54.18,110.21,56.04,91.68,1
2026-01-05 12:40:00,Zone_2,27.35,27.93,28.43,150.0,98.53,29.35,56.62,58.61,5.34,7.38,89.2,14.22,0.788,55.48,130.73,75.24,102.05,1
2026-01-05 12:45:00,Zone_7,13.47,17.97,18.77,150.0,89.29,26.1,79.0,104.88,26.91,9.82,48.89,15.47,0.635,76.66,114.68,38.02,103.06,1
2026-01-05 12:50:00,Zone_8,13.07,15.58,20.68,150.0,101.71,20.99,87.93,108.06,14.07,11.03,47.79,18.25,0.617,92.86,131.47,38.61,94.69,1
2026-01-05 12:55:00,Zone_8,10.44,12.48,13.7,73.41,64.31,10.97,34.88,134.49,25.67,14.45,56.67,10.35,0.614,99.96,36.3,0.0,34.9,0
2026-01-05 13:00:00,Zone_1,10.57,12.75,12.82,97.47,73.7,5.0,34.07,135.44,14.16,3.31,76.65,5.83,0.702,116.27,31.03,0.0,29.31,0
2026-01-05 13:05:00,Zone_4,8.22,9.29,19.39,95.04,47.28,2.0,40.76,107.6,24.02,14.96,57.99,8.42,0.628,81.75,39.07,0.0,49.86,0
2026-01-05 13:10:00,Zone_3,5.18,5.28,5.93,52.82,42.55,2.0,26.71,45.54,19.35,6.49,54.51,10.35,0.659,36.73,28.03,0.0,72.72,0
2026-01-05 13:15:00,Zone_2,7.91,10.98,11.02,87.05,31.22,2.0,56.18,79.1,26.57,11.12,67.94,15.14,0.626,58.09,64.14,6.05,96.71,0
2026-01-05 13:20:00,Zone_1,6.81,9.08,10.03,53.51,6.22,2.0,6.05,93.75,9.81,9.01,75.68,3.22,0.731,84.55,9.8,0.0,7.16,0
2026-01-05 13:25:00,Zone_5,3.72,5.0,5.94,31.79,17.68,2.0,10.03,92.42,21.58,7.81,57.43,8.37,0.628,72.48,12.99,0.0,13.84,0
2026-01-05 13:30:00,Zone_6,14.09,18.69,20.61,150.0,104.83,2.0,88.56,102.32,6.68,10.77,60.03,16.26,0.686,95.49,130.14,34.65,92.74,0
2026-01-05 13:35:00,Zone_4,43.5,44.32,53.17,150.0,101.68,2.0,126.31,136.25,1.82,6.54,75.68,14.4,0.758,133.77,127.35,0.0,94.42,0
2026-01-05 13:40:00,Zone_2,22.73,23.43,30.83,150.0,120.37,6.14,91.88,129.09,28.98,2.77,92.29,15.44,0.767,91.69,138.23,46.54,100.22,1
2026-01-05 13:45:00,Zone_8,66.3,70.43,72.56,150.0,98.81,24.84,45.18,55.35,15.23,7.84,78.74,16.8,0.78,46.91,152.81,105.89,96.3,1
2026-01-05 13:50:00,Zone_2,30.64,33.83,35.68,150.0,96.22,35.43,52.51,70.27,28.61,8.31,84.15,16.32,0.701,50.17,133.37,83.21,104.68,1
2026-01-05 13:55:00,Zone_3,73.21,74.66,77.49,150.0,111.36,46.81,83.72,124.15,29.59,3.83,63.34,14.6,0.685,87.41,116.67,29.26,95.78,1
2026-01-05 14:00:00,Zone_8,35.09,35.37,36.34,150.0,93.01,41.85,76.68,123.31,22.58,14.1,58.61,10.47,0.664,95.46,81.16,0.0,80.33,1
2026-01-05 14:05:00,Zone_3,19.93,20.42,20.6,150.0,102.16,57.36,44.08,71.16,41.76,4.18,67.71,19.72,0.739,41.44,170.06,128.62,106.36,1
2026-01-05 14:10:00,Zone_5,12.82,14.95,24.75,144.65,99.41,57.08,87.23,114.41,23.18,6.73,85.36,12.67,0.784,87.89,111.73,23.85,99.25,1
2026-01-05 14:15:00,Zone_6,8.28,9.25,9.97,98.97,52.67,55.24,36.89,108.84,37.58,3.17,67.81,6.45,0.669,67.94,33.21,0.0,54.3,0
2026-01-05 14:20:00,Zone_5,7.36,10.98,11.75,61.65,44.72,42.21,27.93,89.98,22.88,8.5,87.34,7.98,0.756,69.4,28.94,0.0,40.24,0
2026-01-05 14:25:00,Zone_1,3.47,9.46,11.7,38.26,51.09,30.86,42.88,64.14,12.74,5.31,94.44,14.79,0.866,55.97,38.11,0.0,76.63,0
2026-01-05 14:30:00,Zone_1,3.45,6.73,9.1,40.65,40.06,20.6,34.88,129.42,24.74,7.85,48.6,18.72,0.644,97.4,38.11,0.0,35.82,0
2026-01-05 14:35:00,Zone_5,4.27,5.22,5.28,32.13,10.81,15.09,7.78,109.4,36.07,4.14,47.27,6.04,0.573,69.94,8.65,0.0,11.13,0
2026-01-05 14:40:00,Zone_6,5.2,8.31,8.87,35.63,51.22,15.72,8.7,61.05,11.25,1.75,52.48,4.4,0.613,54.19,7.48,0.0,16.05,0
2026-01-05 14:45:00,Zone_5,6.01,6.87,8.53,41.81,35.45,13.6,40.24,111.96,52.43,11.91,64.22,17.99,0.712,53.26,41.65,0.0,75.55,0
2026-01-05 14:50:00,Zone_6,10.35,10.71,14.74,111.91,77.84,4.07,101.24,115.44,11.11,9.98,51.55,18.56,0.631,102.61,101.91,0.0,98.67,0
2026-01-05 14:55:00,Zone_6,7.11,7.18,8.08,81.17,51.6,2.0,42.0,129.25,28.29,5.77,88.53,7.7,0.787,92.69,38.25,0.0,45.31,0
2026-01-05 15:00:00,Zone_7,13.62,14.6,16.52,139.41,98.81,2.0,58.09,66.17,1.34,1.66,46.16,9.41,0.558,65.28,56.96,0.0,88.98,0
2026-01-05 15:05:00,Zone_8,7.37,12.05,14.9,66.78,44.75,2.0,45.91,138.93,39.5,13.12,60.79,14.22,0.629,84.06,46.45,0.0,54.62,0
2026-01-05 15:10:00,Zone_4,11.39,11.93,19.61,131.55,85.74,2.0,55.65,59.57,10.98,3.38,54.23,8.61,0.65,53.03,57.23,4.2,104.94,0
2026-01-05 15:15:00,Zone_6,10.75,11.21,12.59,86.9,54.89,2.0,93.75,102.07,7.81,14.03,91.58,17.91,0.797,94.09,96.48,2.38,99.63,0
2026-01-05 15:20:00,Zone_3,14.47,21.47,21.97,150.0,109.19,2.0,41.11,107.43,17.77,7.7,78.47,4.83,0.73,88.34,41.14,0.0,46.54,0
2026-01-05 15:25:00,Zone_6,25.36,25.41,27.76,150.0,107.86,2.0,34.7,84.8,10.3,5.77,90.6,3.65,0.821,76.07,34.94,0.0,45.61,0
2026-01-05 15:30:00,Zone_6,12.77,15.85,20.65,117.78,74.77,2.0,48.09,90.13,26.52,11.38,93.62,6.54,0.821,66.23,49.19,0.0,72.61,0
2026-01-05 15:35:00,Zone_6,30.19,30.97,31.38,150.0,79.27,2.63,67.75,129.64,25.72,13.28,69.85,7.86,0.711,96.29,65.22,0.0,70.36,0
2026-01-05 15:40:00,Zone_7,92.83,92.91,94.84,150.0,97.93,14.78,38.45,106.3,28.88,6.19,56.72,4.92,0.624,75.6,35.81,0.0,50.86,0
2026-01-05 15:45:00,Zone_8,43.34,48.34,48.4,150.0,88.89,19.4,33.21,92.22,20.75,6.7,54.69,4.12,0.612,73.08,29.42,0.0,45.45,0
2026-01-05 15:50:00,Zone_7,29.97,30.27,30.39,150.0,91.82,29.25,52.34,57.19,8.92,7.06,56.15,15.85,0.609,52.09,112.52,60.43,100.48,1
2026-01-05 15:55:00,Zone_1,15.37,16.97,19.28,150.0,96.0,27.33,42.26,45.7,1.99,13.91,80.43,5.79,0.773,44.79,52.27,7.48,94.35,1
2026-01-05 16:00:00,Zone_7,7.67,8.32,9.55,90.76,46.27,25.76,50.52,56.87,11.14,10.7,47.02,18.54,0.588,50.54,76.9,26.36,99.96,0
2026-01-05 16:05:00,Zone_3,7.98,8.11,14.64,86.87,37.14,18.41,35.62,135.84,25.42,4.47,47.57,9.26,0.597,101.3,37.31,0.0,35.17,0
2026-01-05 16:10:00,Zone_3,11.0,11.1,14.33,107.63,73.46,13.75,77.07,117.59,33.54,3.59,75.41,14.4,0.696,78.15,83.96,5.8,98.62,0
2026-01-05 16:15:00,Zone_7,4.82,5.07,7.19,49.1,32.24,2.0,23.96,136.88,13.17,4.23,77.1,6.83,0.756,118.85,19.73,0.0,20.16,0
2026-01-05 16:20:00,Zone_8,4.46,4.61,6.44,46.33,29.98,3.27,22.71,48.39,7.09,4.69,78.26,7.09,0.751,44.96,19.17,0.0,50.51,0
2026-01-05 16:25:00,Zone_5,11.82,14.68,17.09,125.59,87.76,2.0,88.77,109.62,16.04,4.22,63.59,12.77,0.69,92.04,86.06,0.0,96.45,0
2026-01-05 16:30:00,Zone_4,9.81,11.14,11.28,80.64,44.5,2.0,45.08,49.21,6.37,10.22,85.3,12.53,0.787,46.07,61.84,15.77,97.85,0
2026-01-05 16:35:00,Zone_8,18.09,18.93,26.75,150.0,101.49,10.33,84.91,119.3,29.67,2.62,71.68,16.07,0.717,83.9,134.41,50.51,101.2,1
2026-01-05 16:40:00,Zone_7,24.16,25.25,47.57,150.0,113.55,9.38,76.71,81.19,1.17,6.42,50.27,15.88,0.547,80.24,101.31,21.08,95.6,1
2026-01-05 16:45:00,Zone_6,24.84,30.13,30.83,150.0,94.44,20.25,41.65,54.1,13.17,9.75,84.85,14.4,0.808,46.97,135.83,88.85,88.66,1
2026-01-05 16:50:00,Zone_2,18.01,22.85,23.29,150.0,120.29,23.72,65.78,98.96,33.02,5.07,92.65,10.64,0.774,66.29,95.99,29.71,99.23,1
2026-01-05 16:55:00,Zone_4,42.41,44.93,45.47,150.0,98.1,33.77,59.71,71.61,13.31,1.91,48.0,18.14,0.621,62.08,131.46,69.38,96.19,1
2026-01-05 17:00:00,Zone_4,24.83,29.15,32.94,150.0,87.27,32.93,103.42,107.66,7.05,2.15,64.57,13.58,0.671,100.07,106.28,6.21,103.35,1
2026-01-05 17:05:00,Zone_3,11.57,12.34,16.13,132.77,96.5,33.42,73.1,107.53,35.28,2.76,69.38,19.83,0.649,69.59,132.85,63.26,105.04,1
2026-01-05 17:10:00,Zone_4,11.14,12.1,18.69,129.64,82.91,31.78,91.48,111.98,14.75,12.7,52.32,16.93,0.609,95.46,103.96,8.5,95.83,1
2026-01-05 17:15:00,Zone_7,12.36,14.26,19.14,98.74,76.81,19.89,23.61,139.28,4.64,10.21,88.39,3.75,0.747,132.82,21.53,0.0,17.78,0
2026-01-05 17:20:00,Zone_6,12.98,14.94,17.03,150.0,102.46,19.06,61.04,81.74,3.46,1.9,59.21,8.45,0.679,78.91,66.97,0.0,77.36,0
2026-01-05 17:25:00,Zone_6,7.79,9.1,12.42,83.1,50.08,7.09,63.12,89.2,19.86,6.47,84.15,12.72,0.755,71.49,62.1,0.0,88.29,0
2026-01-05 17:30:00,Zone_1,3.44,4.47,8.55,40.91,44.84,2.0,35.5,121.44,10.78,4.9,78.55,15.26,0.712,108.34,34.56,0.0,32.77,0
2026-01-05 17:35:00,Zone_6,4.0,12.56,15.08,36.06,17.45,2.0,22.82,99.95,52.85,9.09,74.9,12.36,0.744,47.12,25.8,0.0,48.42,0
2026-01-05 17:40:00,Zone_8,8.66,12.1,14.36,91.4,33.42,4.72,33.58,48.54,30.45,8.32,54.61,16.36,0.622,33.76,72.33,38.57,99.47,0
2026-01-05 17:45:00,Zone_6,8.38,9.52,13.14,93.53,71.36,2.0,33.88,125.09,32.48,7.74,56.04,7.81,0.646,84.47,36.67,0.0,40.11,0
2026-01-05 17:50:00,Zone_3,6.69,9.29,12.14,77.72,54.71,2.0,24.16,49.89,29.56,5.4,47.37,6.13,0.583,35.15,21.61,0.0,68.75,0
2026-01-05 17:55:00,Zone_6,5.12,5.75,9.36,52.94,49.82,2.0,11.36,61.23,7.51,2.93,57.04,3.92,0.67,56.63,10.8,0.0,20.06,0
2026-01-05 18:00:00,Zone_1,8.23,8.44,11.76,78.65,40.54,2.0,37.67,54.7,38.07,11.39,62.27,12.75,0.649,33.87,50.63,16.75,111.22,0
2026-01-05 18:05:00,Zone_2,7.49,8.36,12.81,62.48,37.64,2.0,44.7,52.4,4.01,13.32,86.66,14.71,0.736,50.3,52.6,2.29,88.87,0
2026-01-05 18:10:00,Zone_7,4.72,5.75,9.36,43.04,23.66,2.0,15.53,47.44,1.53,14.22,63.32,8.54,0.634,46.71,18.13,0.0,33.24,0
2026-01-05 18:15:00,Zone_3,7.58,7.62,10.18,74.94,59.92,8.56,30.59,50.23,34.89,1.82,82.73,13.43,0.777,32.7,60.8,28.1,93.55,0
2026-01-05 18:20:00,Zone_8,63.94,67.31,71.32,150.0,105.31,14.32,31.63,87.03,20.55,11.36,66.97,3.89,0.665,69.15,30.16,0.0,45.74,0
2026-01-05 18:25:00,Zone_2,31.84,32.73,34.81,150.0,100.08,20.55,29.4,69.02,57.74,11.17,84.24,4.69,0.81,29.17,44.29,15.12,100.79,1
2026-01-05 18:30:00,Zone_3,19.68,21.41,22.38,150.0,100.15,34.39,28.2,57.02,51.82,14.26,93.81,14.93,0.784,27.48,136.55,109.07,102.64,1
2026-01-05 18:35:00,Zone_5,23.25,23.4,23.41,150.0,83.69,35.46,29.68,107.58,70.0,4.54,56.99,9.26,0.666,32.27,71.88,39.6,91.97,1
2026-01-05 18:40:00,Zone_4,20.72,21.1,23.98,150.0,106.72,34.41,50.26,66.48,14.1,11.39,88.12,14.41,0.778,57.11,130.75,73.64,88.0,1
2026-01-05 18:45:00,Zone_5,12.9,17.31,20.44,141.67,101.55,47.92,28.65,46.8,32.57,1.76,76.09,17.14,0.77,31.56,145.36,113.8,90.78,1
2026-01-05 18:50:00,Zone_6,10.05,11.93,24.45,105.75,96.23,41.72,75.21,84.75,14.54,9.84,85.86,17.49,0.794,72.43,114.33,41.89,103.83,1
2026-01-05 18:55:00,Zone_2,21.76,27.76,29.33,150.0,103.15,39.17,33.09,74.49,52.12,5.91,77.58,5.93,0.744,35.67,51.42,15.75,92.78,1
2026-01-05 19:00:00,Zone_6,13.25,26.62,28.38,150.0,105.09,36.48,60.29,75.27,18.99,11.76,66.2,11.27,0.701,60.97,92.13,31.16,98.87,1
2026-01-05 19:05:00,Zone_4,10.33,11.26,12.05,105.51,74.32,32.42,63.28,87.3,26.25,13.09,56.4,15.48,0.669,64.39,84.95,20.56,98.28,0
2026-01-05 19:10:00,Zone_3,19.64,20.35,20.6,150.0,89.14,34.64,75.01,108.55,30.0,6.11,48.5,16.16,0.591,75.98,111.4,35.42,98.73,1
2026-01-05 19:15:00,Zone_4,22.29,26.2,31.39,150.0,112.49,32.99,85.56,103.57,11.75,8.36,71.78,16.34,0.653,91.4,124.4,33.0,93.62,1
2026-01-05 19:20:00,Zone_1,14.52,27.68,28.68,150.0,96.83,26.13,71.36,134.04,36.22,2.64,94.52,6.88,0.859,85.49,68.9,0.0,83.47,0
2026-01-05 19:25:00,Zone_4,8.49,10.47,13.76,96.37,60.33,23.45,35.03,94.18,26.93,6.84,81.9,6.27,0.751,68.82,35.33,0.0,50.9,0
2026-01-05 19:30:00,Zone_1,11.18,14.35,18.43,133.46,85.13,23.95,74.47,89.89,23.34,6.05,61.37,13.03,0.734,68.92,99.23,30.32,108.06,1
2026-01-05 19:35:00,Zone_4,6.83,9.87,12.1,75.37,48.2,17.31,59.71,65.27,4.9,3.56,86.36,15.6,0.764,62.07,69.83,7.76,96.2,0
2026-01-05 19:40:00,Zone_7,8.27,9.15,16.47,74.71,42.73,8.02,39.94,116.76,24.99,13.52,83.45,8.43,0.756,87.58,37.01,0.0,45.6,0
2026-01-05 19:45:00,Zone_1,9.51,11.22,13.27,113.21,76.17,3.36,26.94,58.37,16.1,3.07,59.08,4.78,0.668,48.98,28.1,0.0,55.01,0
2026-01-05 19:50:00,Zone_2,6.24,9.82,11.0,70.46,44.64,2.0,55.81,91.66,26.89,9.9,45.72,15.18,0.601,67.01,50.05,0.0,83.28,0
2026-01-05 19:55:00,Zone_6,7.89,10.22,18.15,72.68,45.06,2.0,30.43,85.03,29.43,13.46,50.91,8.09,0.617,60.01,28.24,0.0,50.72,0
2026-01-05 20:00:00,Zone_8,7.76,7.8,14.72,65.62,48.53,2.0,19.27,107.54,16.2,13.77,88.87,5.83,0.778,90.12,23.13,0.0,21.39,0
2026-01-05 20:05:00,Zone_6,8.18,9.0,9.63,87.24,57.62,2.0,32.24,132.17,12.08,12.11,86.83,5.51,0.749,116.2,28.02,0.0,27.75,0
2026-01-05 20:10:00,Zone_5,12.72,13.03,13.12,131.03,78.52,2.0,55.83,134.93,21.54,3.47,59.76,8.35,0.628,105.86,53.5,0.0,52.74,0
2026-01-05 20:15:00,Zone_6,8.16,8.69,9.02,89.04,48.72,2.0,42.47,60.94,26.54,12.44,59.26,13.08,0.601,44.77,54.41,9.64,94.87,0
2026-01-05 20:20:00,Zone_3,3.86,8.57,9.76,43.13,29.21,2.0,20.63,69.87,18.91,4.87,84.64,9.09,0.835,56.66,25.47,0.0,36.41,0
2026-01-05 20:25:00,Zone_7,17.41,17.49,30.04,150.0,88.54,2.0,34.04,122.11,36.61,13.91,91.89,3.35,0.779,77.4,30.45,0.0,43.98,0
2026-01-05 20:30:00,Zone_4,39.83,40.33,43.19,150.0,87.68,7.62,46.44,94.24,19.77,10.93,83.96,4.65,0.761,75.6,41.26,0.0,61.43,0
2026-01-05 20:35:00,Zone_5,21.85,22.59,24.22,150.0,87.85,2.0,72.56,88.04,14.45,11.99,75.28,7.94,0.747,75.31,69.2,0.0,96.34,0
2026-01-05 20:40:00,Zone_3,10.27,12.19,19.88,122.01,82.37,2.0,88.38,112.51,7.52,2.19,57.13,14.21,0.636,104.04,85.77,0.0,84.95,0
2026-01-05 20:45:00,Zone_3,9.44,10.96,13.08,100.5,79.65,2.0,26.84,102.18,21.11,9.16,71.29,4.67,0.689,80.61,25.17,0.0,33.29,0
2026-01-05 20:50:00,Zone_1,9.29,9.78,11.11,104.3,71.97,2.0,67.11,137.22,31.74,12.5,56.68,12.53,0.629,93.67,63.93,0.0,71.65,0
2026-01-05 20:55:00,Zone_6,5.75,6.11,16.02,56.19,47.16,2.0,15.92,100.48,32.96,13.06,85.4,5.04,0.759,67.36,16.71,0.0,23.63,0
2026-01-05 21:00:00,Zone_2,28.86,29.4,36.03,150.0,96.66,3.89,45.67,89.27,12.47,1.4,64.35,6.6,0.664,78.14,51.12,0.0,58.45,0
2026-01-05 21:05:00,Zone_8,17.09,18.49,24.98,150.0,99.21,2.0,57.26,96.57,8.9,14.15,86.68,5.93,0.795,87.97,54.98,0.0,65.09,0
2026-01-05 21:10:00,Zone_2,11.98,12.61,15.12,112.87,93.2,2.0,24.43,121.81,23.21,1.61,64.08,4.14,0.639,93.54,23.25,0.0,26.12,0
2026-01-05 21:15:00,Zone_5,26.7,32.6,38.05,150.0,107.44,4.24,63.69,103.2,32.86,9.6,86.21,14.41,0.813,69.29,136.78,67.49,91.92,1
2026-01-05 21:20:00,Zone_7,17.37,18.61,19.31,150.0,108.74,8.14,77.25,106.47,16.35,10.71,61.67,10.88,0.661,89.06,83.82,0.0,86.74,0
2026-01-05 21:25:00,Zone_2,10.0,10.12,13.1,113.93,70.88,5.2,101.56,137.29,13.21,2.5,67.01,17.13,0.668,119.16,101.31,0.0,85.23,0
2026-01-05 21:30:00,Zone_4,30.36,32.97,47.41,150.0,97.44,3.67,38.82,103.75,19.36,1.67,75.77,4.68,0.719,83.66,39.29,0.0,46.41,0
2026-01-05 21:35:00,Zone_2,18.76,19.56,20.76,150.0,102.37,2.62,39.26,81.13,12.7,11.99,48.51,5.46,0.628,70.82,39.98,0.0,55.43,0
2026-01-05 21:40:00,Zone_5,15.57,17.69,23.22,150.0,90.22,2.0,79.59,110.68,28.22,6.39,92.41,8.21,0.837,79.44,80.13,0.69,100.19,0
2026-01-05 21:45:00,Zone_8,32.8,33.46,35.82,150.0,69.14,9.6,84.18,107.65,18.09,2.5,73.68,16.02,0.726,88.18,135.61,47.44,95.46,1
2026-01-05 21:50:00,Zone_2,15.4,17.1,17.24,150.0,102.26,10.79,33.19,46.32,31.41,11.68,70.39,8.2,0.684,31.77,65.41,33.65,104.49,1
2026-01-05 21:55:00,Zone_4,8.13,11.08,16.12,88.5,69.06,5.2,56.97,89.4,23.14,12.89,86.97,9.94,0.802,68.71,54.89,0.0,82.91,0
2026-01-05 22:00:00,Zone_1,7.06,12.32,12.97,50.95,33.78,2.0,17.52,115.58,24.48,9.22,88.29,8.13,0.792,87.28,25.5,0.0,20.08,0
2026-01-05 22:05:00,Zone_7,4.62,5.23,8.72,45.47,22.4,3.43,11.49,92.41,36.5,3.26,71.11,4.36,0.758,58.68,11.7,0.0,19.58,0
2026-01-05 22:10:00,Zone_5,4.9,5.72,6.03,44.4,24.89,2.0,53.38,119.06,20.76,1.21,91.36,18.97,0.806,94.35,52.78,0.0,56.58,0
2026-01-05 22:15:00,Zone_1,7.93,9.18,19.45,90.41,34.42,2.21,57.86,87.83,11.27,10.81,48.24,12.33,0.642,77.94,55.61,0.0,74.24,0
2026-01-05 22:20:00,Zone_1,11.68,16.92,18.13,115.71,71.21,2.0,91.52,138.42,33.51,8.7,50.66,16.39,0.609,92.03,89.87,0.0,99.44,0
2026-01-05 22:25:00,Zone_1,6.59,11.23,12.12,65.44,29.16,2.0,44.81,72.82,16.0,10.11,74.84,14.19,0.693,61.17,50.07,0.0,73.26,0
2026-01-05 22:30:00,Zone_3,5.3,5.48,5.97,33.75,13.54,2.0,23.79,53.75,13.95,12.38,62.7,11.74,0.762,46.25,23.5,0.0,51.42,0
2026-01-05 22:35:00,Zone_7,6.57,6.86,17.07,51.57,19.53,2.0,10.98,85.85,55.99,7.08,68.21,4.52,0.648,37.78,11.75,0.0,29.05,0
2026-01-05 22:40:00,Zone_8,3.69,5.06,9.42,39.98,10.61,2.0,29.11,96.46,15.59,2.74,61.4,13.93,0.598,81.42,25.88,0.0,35.75,0
2026-01-05 22:45:00,Zone_6,3.83,4.05,8.79,23.31,3.1,2.0,2.68,78.16,15.88,14.16,65.24,5.64,0.614,65.75,6.28,0.0,4.08,0
2026-01-05 22:50:00,Zone_7,6.59,7.44,9.86,50.16,40.2,2.0,33.81,68.02,21.37,8.63,86.13,10.04,0.863,53.48,33.81,0.0,63.21,0
2026-01-05 22:55:00,Zone_3,3.64,3.96,6.22,36.05,17.32,2.0,32.84,108.85,18.92,9.61,74.67,13.69,0.787,88.25,30.23,0.0,37.21,0
2026-01-05 23:00:00,Zone_6,7.98,10.01,10.41,92.4,46.76,8.45,47.39,80.83,43.05,14.07,94.87,16.3,0.829,46.03,97.06,51.03,102.96,0
2026-01-05 23:05:00,Zone_7,4.34,10.31,13.18,52.04,42.88,7.72,46.06,104.98,29.54,14.04,84.34,14.65,0.785,73.97,46.52,0.0,62.27,0
2026-01-05 23:10:00,Zone_1,19.19,30.64,31.63,150.0,99.05,6.04,82.41,119.01,32.38,9.01,58.68,14.42,0.651,80.48,109.48,29.0,102.4,1
2026-01-05 23:15:00,Zone_5,28.98,29.92,43.15,150.0,69.14,2.0,35.77,117.3,3.85,5.17,58.22,5.53,0.588,112.77,37.96,0.0,31.71,0
2026-01-05 23:20:00,Zone_6,14.12,15.95,21.53,150.0,109.45,4.38,69.0,80.65,15.48,14.96,61.79,8.88,0.703,68.17,72.84,4.67,101.22,0
2026-01-05 23:25:00,Zone_4,6.28,10.16,12.03,71.64,47.43,2.0,19.85,98.95,41.91,10.53,87.16,3.73,0.826,57.48,17.16,0.0,34.54,0
2026-01-05 23:30:00,Zone_4,6.19,6.44,7.02,38.94,34.56,2.0,21.03,87.72,18.99,6.72,46.36,15.23,0.545,71.06,25.14,0.0,29.6,0
2026-01-05 23:35:00,Zone_2,2.56,4.9,10.29,25.41,13.81,2.0,28.27,127.73,4.63,8.84,56.51,19.19,0.642,121.82,24.36,0.0,23.21,0
2026-01-05 23:40:00,Zone_6,3.03,4.08,4.54,31.72,39.87,2.0,9.82,128.48,17.89,6.82,90.25,7.49,0.799,105.5,14.76,0.0,9.31,0
2026-01-05 23:45:00,Zone_5,5.59,6.06,6.79,55.34,31.39,2.0,15.21,77.66,12.29,13.44,76.99,4.49,0.729,68.11,14.08,0.0,22.32,0
2026-01-05 23:50:00,Zone_8,4.02,5.05,5.89,35.84,0.0,2.0,17.48,53.72,38.77,7.75,56.34,11.08,0.611,32.89,18.89,0.0,53.16,0
2026-01-05 23:55:00,Zone_3,7.37,7.53,10.38,84.07,43.97,5.64,49.07,60.92,22.9,12.53,55.96,17.56,0.626,46.97,71.94,24.97,104.47,0
2026-01-06 00:00:00,Zone_1,6.7,9.07,14.49,74.63,54.54,3.62,56.69,79.87,17.61,12.76,88.13,12.38,0.775,65.8,55.7,0.0,86.15,0
2026-01-06 00:05:00,Zone_2,11.57,12.15,13.47,135.5,89.99,2.0,38.59,98.6,18.32,12.54,89.69,3.8,0.83,80.54,33.21,0.0,47.91,0
2026-01-06 00:10:00,Zone_4,71.66,72.41,72.72,150.0,96.03,12.75,94.6,107.39,13.36,11.11,57.81,19.56,0.638,93.05,145.66,52.61,101.66,1
2026-01-06 00:15:00,Zone_3,37.15,37.41,39.59,150.0,85.66,23.37,49.17,76.48,34.92,12.97,66.03,17.09,0.659,49.77,131.44,81.67,98.79,1
2026-01-06 00:20:00,Zone_3,21.54,25.54,30.36,150.0,97.72,15.31,51.45,108.41,21.22,6.42,86.73,5.24,0.783,85.41,47.83,0.0,60.24,0
2026-01-06 00:25:00,Zone_1,17.07,18.43,19.31,150.0,97.33,14.19,112.74,134.09,13.96,2.61,83.55,18.67,0.764,115.36,166.31,50.95,97.73,1
2026-01-06 00:30:00,Zone_8,11.3,12.99,13.86,111.58,72.23,13.6,68.25,106.94,14.78,12.79,85.7,10.66,0.773,91.14,71.52,0.0,74.89,0
2026-01-06 00:35:00,Zone_8,6.38,8.06,18.36,73.85,54.45,9.63,37.44,60.06,5.95,7.97,70.92,9.32,0.725,56.49,38.81,0.0,66.28,0
2026-01-06 00:40:00,Zone_6,9.55,10.61,21.4,53.67,37.07,4.94,35.6,100.07,50.83,2.78,90.58,10.84,0.795,49.2,35.95,0.0,72.36,0
2026-01-06 00:45:00,Zone_4,6.5,6.93,23.21,47.0,27.52,5.92,30.85,96.48,7.62,2.61,61.3,17.19,0.639,89.12,40.17,0.0,34.61,0
2026-01-06 00:50:00,Zone_8,5.95,8.69,14.45,67.3,31.71,2.0,46.8,127.72,15.74,3.23,52.83,14.21,0.573,107.62,42.65,0.0,43.49,0
2026-01-06 00:55:00,Zone_5,5.43,5.71,6.44,61.51,56.3,2.0,14.12,78.28,24.87,11.51,80.44,4.01,0.752,58.81,14.41,0.0,24.02,0
2026-01-06 01:00:00,Zone_8,17.41,17.63,18.47,150.0,121.28,16.77,68.11,85.18,21.87,10.95,71.97,19.28,0.747,66.55,168.06,101.51,102.35,1
2026-01-06 01:05:00,Zone_3,15.56,18.04,19.49,150.0,118.43,14.36,50.96,101.87,15.23,3.85,87.73,5.51,0.785,86.35,50.48,0.0,59.01,0
2026-01-06 01:10:00,Zone_1,13.19,13.66,15.0,133.45,95.13,10.85,77.61,94.82,11.5,12.86,49.06,15.67,0.58,83.91,94.4,10.49,92.49,0
2026-01-06 01:15:00,Zone_5,7.48,8.21,19.19,78.32,30.81,7.22,64.47,113.31,9.26,4.94,87.18,13.81,0.763,102.81,64.23,0.0,62.7,0
2026-01-06 01:20:00,Zone_6,12.05,13.34,18.78,117.08,54.54,7.08,33.26,48.84,20.01,12.1,59.66,6.19,0.597,39.06,33.62,0.0,85.14,0
2026-01-06 01:25:00,Zone_4,9.64,10.83,15.34,91.01,52.57,2.0,30.28,98.53,42.47,7.84,77.74,5.9,0.774,56.69,32.34,0.0,53.42,0
2026-01-06 01:30:00,Zone_6,9.16,11.62,12.34,93.17,59.9,2.0,32.54,56.56,39.17,11.24,47.01,17.8,0.6,34.4,77.32,42.92,94.6,0
2026-01-06 01:35:00,Zone_3,7.49,9.45,17.85,69.03,43.72,2.0,40.92,74.94,23.32,6.34,75.48,10.13,0.75,57.47,40.84,0.0,71.2,0
2026-01-06 01:40:00,Zone_5,5.89,7.95,14.11,70.3,48.02,2.0,51.49,107.85,29.9,5.86,80.86,14.13,0.762,75.61,58.86,0.0,68.11,0
2026-01-06 01:45:00,Zone_5,4.81,7.31,7.94,50.97,16.42,2.0,30.57,59.95,34.99,12.78,63.44,11.57,0.643,38.97,29.49,0.0,78.45,0
2026-01-06 01:50:00,Zone_5,4.77,5.47,12.64,39.01,44.65,2.0,30.69,74.34,24.28,1.49,55.77,15.37,0.619,56.29,28.87,0.0,54.51,0
2026-01-06 01:55:00,Zone_3,9.71,10.49,11.6,116.38,93.71,2.0,68.84,111.79,38.53,14.65,71.88,11.15,0.694,68.71,70.06,1.35,100.19,0
2026-01-06 02:00:00,Zone_3,5.83,6.99,7.28,69.39,29.37,2.0,31.96,106.83,20.33,10.07,86.66,7.89,0.771,85.1,32.81,0.0,37.55,0
2026-01-06 02:05:00,Zone_6,12.73,13.47,17.21,118.41,54.63,2.0,54.94,53.65,6.7,7.05,61.18,9.18,0.644,50.05,54.39,4.34,109.77,0
2026-01-06 02:10:00,Zone_2,9.19,17.59,21.3,89.6,57.16,2.0,83.88,99.84,12.31,9.79,57.62,17.6,0.671,87.55,82.35,0.0,95.81,0
2026-01-06 02:15:00,Zone_6,7.29,10.65,11.0,81.91,68.39,2.0,44.05,58.99,21.63,2.72,58.95,10.96,0.705,46.23,49.24,3.01,95.29,0
2026-01-06 02:20:00,Zone_4,60.46,60.82,62.16,150.0,97.11,9.75,45.84,68.97,26.67,8.2,92.46,6.63,0.786,50.57,60.79,10.22,90.65,0
2026-01-06 02:25:00,Zone_1,62.2,62.21,79.48,150.0,100.62,25.11,68.22,88.63,16.74,14.79,62.96,18.89,0.66,73.79,145.38,71.59,92.45,1
2026-01-06 02:30:00,Zone_5,31.05,31.14,35.11,150.0,92.22,33.09,46.41,55.39,16.72,4.29,45.18,16.54,0.582,46.13,112.4,66.27,100.6,1
2026-01-06 02:35:00,Zone_2,25.21,25.77,30.36,150.0,99.26,29.29,36.28,139.4,10.22,11.11,84.08,3.95,0.741,125.15,34.12,0.0,28.99,0
2026-01-06 02:40:00,Zone_1,17.52,17.76,18.6,150.0,108.83,43.17,43.52,60.71,27.48,7.09,79.96,19.98,0.751,44.03,175.17,131.14,98.85,1
2026-01-06 02:45:00,Zone_2,7.05,8.57,8.86,76.94,54.96,29.4,54.59,119.22,2.27,10.13,51.43,14.81,0.618,116.52,54.76,0.0,46.85,0
2026-01-06 02:50:00,Zone_8,4.88,8.78,9.92,56.51,43.64,19.65,19.59,123.83,23.66,3.87,94.25,5.72,0.819,94.53,20.6,0.0,20.72,0
2026-01-06 02:55:00,Zone_8,10.89,13.56,14.56,118.52,57.08,13.31,49.82,139.47,28.31,7.59,75.4,7.03,0.746,99.99,48.34,0.0,49.83,0
2026-01-06 03:00:00,Zone_7,7.98,8.46,9.4,69.38,70.75,12.67,53.48,85.72,12.64,14.72,70.04,14.77,0.7,74.89,55.81,0.0,71.42,0
2026-01-06 03:05:00,Zone_8,5.64,6.66,7.41,63.16,21.24,3.95,46.62,128.04,11.49,3.73,64.11,16.26,0.585,113.32,46.68,0.0,41.14,0
2026-01-06 03:10:00,Zone_6,28.54,29.96,32.95,150.0,99.38,2.0,63.8,135.97,35.41,9.91,89.93,7.06,0.771,87.82,63.53,0.0,72.65,0
2026-01-06 03:15:00,Zone_8,15.16,18.49,19.88,150.0,95.69,4.37,47.73,61.42,23.58,9.06,57.2,7.37,0.679,46.94,58.37,11.43,101.69,0
2026-01-06 03:20:00,Zone_3,14.02,17.67,23.68,82.06,52.06,2.0,32.28,90.55,34.14,8.91,59.29,8.22,0.662,59.64,34.74,0.0,54.13,0
2026-01-06 03:25:00,Zone_5,11.52,16.33,17.04,134.27,97.71,2.0,43.54,50.7,6.32,9.61,51.12,13.17,0.52,47.5,71.51,24.01,91.66,0
2026-01-06 03:30:00,Zone_6,8.96,10.38,12.57,92.11,51.38,2.0,30.67,103.97,22.79,8.03,82.96,5.92,0.719,80.27,30.52,0.0,38.2,0
2026-01-06 03:35:00,Zone_1,12.57,14.94,14.99,104.12,62.49,2.67,29.43,100.23,28.99,1.24,74.78,4.77,0.746,71.18,28.81,0.0,41.35,0
2026-01-06 03:40:00,Zone_7,8.56,8.79,11.09,99.8,51.11,2.0,59.51,64.39,5.66,13.6,75.45,14.54,0.71,60.74,80.14,19.39,97.97,0
2026-01-06 03:45:00,Zone_7,23.77,25.43,25.64,150.0,110.97,3.76,80.29,120.8,25.3,12.58,55.92,16.24,0.549,90.24,103.96,13.72,88.98,0
2026-01-06 03:50:00,Zone_7,13.84,14.42,27.73,113.09,76.7,13.41,21.65,48.54,56.59,3.44,77.56,11.52,0.77,21.07,77.95,56.88,102.74,1
2026-01-06 03:55:00,Zone_1,9.63,10.76,16.23,76.72,57.52,9.74,50.9,121.59,15.45,6.79,83.27,9.19,0.788,102.8,43.2,0.0,49.51,0
2026-01-06 04:00:00,Zone_1,4.17,6.18,8.53,45.64,39.41,4.79,26.24,47.53,18.14,11.79,62.89,10.34,0.64,38.91,23.49,0.0,67.45,0
2026-01-06 04:05:00,Zone_1,3.26,3.86,4.17,21.07,37.59,2.0,6.92,107.4,24.82,14.72,85.07,9.6,0.813,80.75,12.79,0.0,8.57,0
2026-01-06 04:10:00,Zone_1,5.48,5.58,8.72,39.95,47.77,2.0,24.05,52.48,50.88,14.32,62.44,19.32,0.638,25.78,38.33,12.55,93.28,0
2026-01-06 04:15:00,Zone_7,11.58,11.6,16.58,62.09,44.23,3.22,53.53,68.87,19.82,13.59,82.91,16.06,0.746,55.22,57.83,2.61,96.94,0
2026-01-06 04:20:00,Zone_7,4.54,4.58,5.33,50.9,34.98,2.0,13.76,113.58,9.49,3.22,46.69,6.54,0.569,102.8,14.72,0.0,13.39,0
2026-01-06 04:25:00,Zone_2,9.21,9.23,12.17,84.43,48.49,2.0,37.34,71.64,17.25,13.8,72.56,9.53,0.656,59.28,41.05,0.0,62.99,0
2026-01-06 04:30:00,Zone_6,6.44,6.68,12.57,69.85,54.33,4.64,52.53,93.56,16.64,13.3,93.48,12.25,0.83,77.99,55.21,0.0,67.36,0
2026-01-06 04:35:00,Zone_5,4.68,5.23,10.35,52.69,42.73,2.0,48.78,131.95,9.08,6.28,94.06,13.42,0.836,119.97,45.98,0.0,40.66,0
2026-01-06 04:40:00,Zone_8,3.16,3.66,9.35,28.09,9.51,2.65,17.37,49.72,10.38,6.52,59.09,10.96,0.632,44.55,15.13,0.0,38.98,0
2026-01-06 04:45:00,Zone_8,5.97,14.62,22.02,43.16,36.69,2.0,39.44,122.05,12.3,7.44,67.07,16.77,0.707,107.04,39.78,0.0,36.85,0
2026-01-06 04:50:00,Zone_3,6.05,6.78,16.5,61.35,51.98,2.29,34.86,51.2,36.2,10.19,48.15,16.05,0.543,32.67,41.59,8.92,106.71,0
2026-01-06 04:55:00,Zone_7,8.16,8.43,10.25,84.02,41.15,2.0,40.92,57.05,23.28,4.65,88.67,11.59,0.814,43.77,61.63,17.87,93.5,0
2026-01-06 05:00:00,Zone_3,11.37,12.95,15.89,40.52,28.62,2.0,39.12,56.34,14.18,1.32,73.43,17.53,0.727,48.34,40.15,0.0,80.92,0
2026-01-06 05:05:00,Zone_6,57.45,61.36,66.83,150.0,96.71,4.16,116.07,139.44,14.26,2.98,64.26,15.77,0.651,119.56,119.68,0.12,97.08,0
2026-01-06 05:10:00,Zone_6,27.08,29.35,33.53,150.0,97.44,18.18,36.68,62.12,32.1,7.16,50.64,16.24,0.616,42.18,116.61,74.43,86.96,1
2026-01-06 05:15:00,Zone_3,15.49,16.2,35.12,150.0,86.07,22.45,74.93,130.19,40.67,4.95,92.34,19.26,0.785,77.24,176.43,99.19,97.01,1
2026-01-06 05:20:00,Zone_7,33.92,35.57,35.62,150.0,75.58,13.73,69.98,139.14,20.68,11.7,71.51,7.53,0.741,110.36,65.07,0.0,63.41,0
2026-01-06 05:25:00,Zone_3,17.8,20.31,21.84,150.0,88.44,11.85,62.86,81.46,7.61,2.49,59.15,7.55,0.662,75.26,58.27,0.0,83.52,0
2026-01-06 05:30:00,Zone_8,12.81,15.42,16.57,103.74,56.69,14.83,62.75,104.95,39.33,13.84,62.51,18.11,0.673,63.67,98.42,34.75,98.55,0
2026-01-06 05:35:00,Zone_2,7.39,9.58,10.65,74.57,52.71,15.14,58.16,119.01,27.94,13.53,58.53,16.13,0.629,85.76,58.82,0.0,67.81,0
2026-01-06 05:40:00,Zone_8,10.56,14.65,15.53,100.33,69.65,10.38,80.68,82.3,6.55,13.72,75.09,18.75,0.749,76.91,109.56,32.64,104.9,0
2026-01-06 05:45:00,Zone_4,5.16,9.24,13.56,60.24,42.91,6.11,15.36,60.37,2.01,11.35,91.5,4.07,0.844,59.16,16.1,0.0,25.96,0
2026-01-06 05:50:00,Zone_7,7.73,9.46,9.77,88.46,40.74,7.39,65.47,86.21,20.66,2.5,87.83,13.67,0.837,68.4,78.77,10.37,95.73,0
2026-01-06 05:55:00,Zone_7,11.91,13.03,17.77,130.35,71.29,2.39,40.16,118.33,6.79,7.13,68.02,5.46,0.674,110.3,37.29,0.0,36.41,0
2026-01-06 06:00:00,Zone_5,7.61,9.66,13.8,90.96,51.72,2.0,60.83,119.17,27.27,2.84,86.32,11.57,0.806,86.67,65.97,0.0,70.19,0
2026-01-06 06:05:00,Zone_1,9.41,12.82,13.83,107.67,70.26,2.37,33.84,66.9,13.93,14.83,66.16,5.65,0.723,57.58,34.18,0.0,58.77,0
2026-01-06 06:10:00,Zone_4,21.26,21.27,22.29,150.0,93.48,2.0,37.9,61.62,19.87,5.66,57.62,5.18,0.631,49.38,38.1,0.0,76.76,0
2026-01-06 06:15:00,Zone_6,10.87,20.53,24.0,130.2,88.36,2.0,29.57,132.45,14.62,9.19,94.17,3.21,0.863,113.08,28.03,0.0,26.15,0
2026-01-06 06:20:00,Zone_7,5.8,6.2,11.23,64.02,53.32,2.0,35.59,49.18,22.47,11.91,60.19,13.71,0.656,38.13,44.78,6.65,93.34,0
2026-01-06 06:25:00,Zone_3,3.57,4.84,12.16,29.83,7.4,2.0,12.7,114.8,28.97,13.89,61.19,9.1,0.625,81.54,13.21,0.0,15.58,0
2026-01-06 06:30:00,Zone_4,4.19,8.3,14.99,34.95,11.18,2.0,10.71,49.41,24.01,11.58,94.48,4.79,0.801,37.55,10.43,0.0,28.52,0
2026-01-06 06:35:00,Zone_5,5.97,6.48,18.21,24.88,17.8,2.0,8.52,124.6,22.28,10.44,51.7,8.49,0.565,96.84,9.28,0.0,8.8,0
2026-01-06 06:40:00,Zone_6,16.56,17.85,20.9,150.0,96.52,2.0,51.78,131.01,4.07,7.52,83.03,5.87,0.764,125.68,52.34,0.0,41.2,0
2026-01-06 06:45:00,Zone_1,10.59,10.88,19.26,117.49,85.29,6.37,50.74,73.25,32.8,9.48,91.79,19.01,0.804,49.23,139.69,90.46,103.08,1
2026-01-06 06:50:00,Zone_1,11.29,12.29,18.08,87.47,56.94,5.98,42.43,52.02,19.59,2.32,70.59,8.44,0.709,41.83,40.69,0.0,101.43,0
2026-01-06 06:55:00,Zone_5,9.44,9.83,17.71,85.66,76.56,4.22,37.19,90.67,39.44,13.37,45.13,8.68,0.616,54.9,35.64,0.0,67.74,0
2026-01-06 07:00:00,Zone_5,7.63,8.53,8.58,87.55,37.85,3.06,56.34,73.35,14.77,8.61,63.75,17.28,0.668,62.52,78.62,16.1,90.11,0
2026-01-06 07:05:00,Zone_3,4.6,5.53,17.36,52.67,44.32,2.0,35.44,84.63,37.12,1.56,50.58,14.01,0.595,53.21,34.15,0.0,66.59,0
2026-01-06 07:10:00,Zone_7,4.82,14.8,17.04,37.62,26.84,2.0,27.16,108.17,20.11,13.88,65.81,15.07,0.673,86.42,29.68,0.0,31.43,0
2026-01-06 07:15:00,Zone_1,9.33,19.85,25.45,97.19,46.34,2.0,61.63,64.93,12.55,7.85,84.5,13.81,0.717,56.79,74.85,18.06,108.52,0
2026-01-06 07:20:00,Zone_6,27.49,27.74,28.21,150.0,72.68,19.01,65.49,78.91,15.27,13.16,66.94,19.09,0.705,66.86,157.02,90.16,97.96,1
2026-01-06 07:25:00,Zone_4,15.39,17.97,19.74,150.0,84.0,14.01,51.01,119.34,6.88,13.0,66.6,6.52,0.678,111.13,51.6,0.0,45.9,0
2026-01-06 07:30:00,Zone_6,7.95,8.06,9.17,77.76,65.05,17.55,52.65,106.16,53.77,12.42,72.84,19.81,0.717,49.07,85.87,36.8,107.29,0
2026-01-06 07:35:00,Zone_2,13.32,13.38,14.59,82.48,66.75,17.96,71.77,76.0,8.5,1.86,74.08,17.13,0.714,69.53,78.49,8.95,103.21,0
2026-01-06 07:40:00,Zone_2,7.19,7.41,7.87,72.5,45.58,14.69,57.47,108.11,31.99,4.46,87.81,13.01,0.793,73.52,58.18,0.0,78.16,0
2026-01-06 07:45:00,Zone_5,3.79,10.52,16.26,43.33,23.82,12.9,25.92,117.7,2.31,13.26,60.42,14.26,0.613,114.99,29.45,0.0,22.54,0
2026-01-06 07:50:00,Zone_3,22.48,28.14,28.17,150.0,87.23,15.9,78.16,101.29,15.93,13.59,86.08,14.03,0.78,85.15,127.74,42.59,91.79,1
2026-01-06 07:55:00,Zone_2,14.23,14.67,15.98,150.0,95.25,12.64,29.39,67.75,4.21,7.41,73.3,3.99,0.698,64.9,32.53,0.0,45.28,0
2026-01-06 08:00:00,Zone_1,9.16,9.51,10.18,82.88,48.18,8.53,29.11,45.02,15.25,7.16,60.03,6.71,0.651,38.16,28.15,0.0,76.3,0
2026-01-06 08:05:00,Zone_6,9.17,9.72,12.83,53.38,55.21,3.41,49.22,121.27,31.53,3.45,59.76,19.35,0.618,83.03,49.66,0.0,59.27,0
2026-01-06 08:10:00,Zone_6,3.84,5.29,6.31,24.58,1.14,2.0,12.89,123.15,34.0,14.56,63.06,12.08,0.68,81.28,15.7,0.0,15.86,0
2026-01-06 08:15:00,Zone_5,38.44,40.13,41.18,150.0,102.21,4.9,79.3,111.27,12.98,3.98,76.13,9.43,0.731,96.83,80.47,0.0,81.9,0
2026-01-06 08:20:00,Zone_7,20.9,21.4,23.74,150.0,118.58,11.38,44.45,52.28,23.3,3.67,56.54,15.95,0.594,40.1,110.54,70.44,110.85,1
2026-01-06 08:25:00,Zone_7,11.37,14.19,17.89,128.25,92.66,8.42,89.12,100.6,13.01,10.25,91.02,11.92,0.833,87.51,99.07,11.56,101.84,0
2026-01-06 08:30:00,Zone_4,39.63,40.37,40.82,150.0,84.01,9.4,31.71,123.0,7.5,4.4,73.75,3.22,0.703,113.77,26.45,0.0,27.87,0
2026-01-06 08:35:00,Zone_5,20.33,25.44,26.11,150.0,78.99,21.85,40.33,82.02,47.25,14.14,91.0,15.52,0.794,43.27,143.77,100.51,93.22,1
2026-01-06 08:40:00,Zone_8,46.71,48.84,49.84,150.0,100.79,28.37,55.64,63.81,14.9,1.15,47.32,15.45,0.611,54.3,110.03,55.73,102.46,1
2026-01-06 08:45:00,Zone_4,24.82,25.97,38.71,150.0,99.31,26.7,49.05,100.82,20.1,1.08,62.13,5.81,0.693,80.56,46.94,0.0,60.89,0
2026-01-06 08:50:00,Zone_8,16.14,19.26,21.03,150.0,112.29,20.48,118.46,123.5,5.76,8.07,46.14,19.26,0.567,116.38,127.36,10.98,101.79,1
2026-01-06 08:55:00,Zone_7,8.79,12.2,15.4,93.25,67.19,8.44,31.94,49.64,14.46,7.83,58.61,6.81,0.646,42.46,31.91,0.0,75.22,0
2026-01-06 09:00:00,Zone_5,8.63,9.31,10.28,75.3,43.12,2.0,48.86,101.71,12.28,3.29,88.1,10.78,0.811,89.22,51.21,0.0,54.76,0
2026-01-06 09:05:00,Zone_8,37.5,38.33,40.69,150.0,90.87,6.81,33.22,106.1,7.32,7.92,46.83,4.95,0.622,98.34,35.93,0.0,33.78,0
2026-01-06 09:10:00,Zone_5,18.48,23.97,24.24,150.0,81.83,11.27,83.0,102.22,17.11,6.76,66.81,13.26,0.687,84.73,106.2,21.47,97.95,0
2026-01-06 09:15:00,Zone_5,31.07,31.43,31.55,150.0,99.05,11.16,67.94,106.75,7.47,13.46,50.88,9.38,0.619,98.78,67.71,0.0,68.78,0
2026-01-06 09:20:00,Zone_7,18.66,18.74,20.96,150.0,80.65,9.6,69.29,104.98,5.9,1.13,65.84,9.0,0.652,98.78,68.47,0.0,70.14,0
2026-01-06 09:25:00,Zone_4,9.94,11.15,12.93,109.85,82.32,13.03,38.3,57.39,24.46,14.67,86.94,17.06,0.739,43.35,107.76,64.41,88.34,0
2026-01-06 09:30:00,Zone_4,11.39,14.62,15.13,95.99,69.46,11.06,21.53,67.32,58.33,9.74,76.15,3.16,0.747,28.05,17.65,0.0,76.74,0
2026-01-06 09:35:00,Zone_5,4.71,7.67,11.74,53.39,41.39,10.36,46.49,103.8,37.03,3.13,81.84,16.57,0.735,65.37,50.55,0.0,71.13,0
2026-01-06 09:40:00,Zone_2,11.06,16.1,33.42,35.42,7.16,11.58,22.76,46.68,58.7,1.65,62.46,12.71,0.635,19.28,22.23,2.95,118.09,0
2026-01-06 09:45:00,Zone_3,4.62,6.14,7.9,53.11,32.72,5.93,66.82,105.3,16.26,8.53,92.22,19.76,0.83,88.18,67.79,0.0,75.77,0
2026-01-06 09:50:00,Zone_7,3.86,4.07,7.5,46.08,25.28,2.0,40.44,108.21,7.75,4.29,80.46,13.02,0.748,99.83,34.9,0.0,40.5,0
2026-01-06 09:55:00,Zone_3,9.34,11.12,22.65,72.35,48.26,4.33,10.01,67.72,35.22,5.22,66.09,3.94,0.687,43.87,15.24,0.0,22.81,0
2026-01-06 10:00:00,Zone_3,4.77,7.78,14.02,52.16,40.24,3.9,13.6,101.82,32.26,4.43,66.32,3.86,0.643,68.98,10.07,0.0,19.72,0
2026-01-06 10:05:00,Zone_4,9.53,9.72,11.9,90.77,52.84,5.77,68.7,95.74,23.48,10.1,90.93,18.01,0.777,73.26,98.86,25.6,93.78,0
2026-01-06 10:10:00,Zone_4,6.83,7.2,11.89,51.92,28.04,2.67,50.35,69.77,8.27,8.75,73.82,17.3,0.768,63.99,53.66,0.0,78.68,0
2026-01-06 10:15:00,Zone_2,6.52,6.54,7.02,42.97,36.09,2.0,26.69,88.98,23.57,2.09,80.32,8.88,0.732,68.01,21.72,0.0,39.24,0
2026-01-06 10:20:00,Zone_3,12.89,14.69,17.2,68.69,31.09,2.0,50.83,131.41,16.45,8.37,65.85,13.51,0.673,109.8,48.57,0.0,46.29,0
2026-01-06 10:25:00,Zone_3,6.59,10.95,12.09,72.83,38.38,2.0,36.49,85.53,20.22,12.08,56.18,11.32,0.638,68.24,40.92,0.0,53.47,0
2026-01-06 10:30:00,Zone_5,6.3,8.52,9.14,53.32,34.73,2.0,58.97,104.84,22.65,2.14,81.18,19.44,0.724,81.09,58.36,0.0,72.72,0
2026-01-06 10:35:00,Zone_4,3.03,11.07,13.02,34.2,33.03,2.0,43.31,48.36,14.31,13.46,75.39,19.15,0.768,41.44,39.09,0.0,104.52,0
2026-01-06 10:40:00,Zone_3,5.81,5.94,6.43,60.32,27.58,7.42,39.11,52.39,27.09,9.1,70.07,19.73,0.701,38.2,64.83,26.63,102.39,0
2026-01-06 10:45:00,Zone_6,11.44,16.1,20.31,103.34,88.64,10.23,46.76,52.72,9.69,14.31,76.2,17.73,0.724,47.62,103.15,55.54,98.19,0
2026-01-06 10:50:00,Zone_2,8.88,12.25,14.38,98.32,47.7,6.17,95.63,118.93,20.92,3.07,55.41,18.46,0.659,94.05,93.06,0.0,101.67,0
2026-01-06 10:55:00,Zone_8,6.71,7.47,10.12,64.44,60.49,2.19,27.97,78.27,13.33,14.91,84.7,6.69,0.801,67.84,26.87,0.0,41.24,0
2026-01-06 11:00:00,Zone_6,8.17,15.43,15.99,85.43,69.92,15.37,41.92,66.62,28.16,10.02,92.41,17.13,0.871,47.86,99.12,51.26,87.6,0
2026-01-06 11:05:00,Zone_6,4.8,5.48,6.01,38.96,8.16,10.39,36.07,116.0,23.45,8.94,89.56,15.05,0.785,88.79,35.79,0.0,40.63,0
2026-01-06 11:10:00,Zone_8,10.33,14.73,17.79,58.97,18.74,4.38,48.94,61.15,20.75,8.21,61.07,19.37,0.721,48.46,64.06,15.6,101.0,0
2026-01-06 11:15:00,Zone_7,10.83,15.08,29.78,128.92,92.43,8.28,64.32,68.42,5.07,1.33,65.3,12.71,0.696,64.95,88.69,23.74,99.03,0
2026-01-06 11:20:00,Zone_7,10.77,13.6,13.96,113.87,69.48,4.1,31.39,85.94,23.08,14.15,85.42,4.45,0.828,66.11,32.61,0.0,47.49,0
2026-01-06 11:25:00,Zone_2,7.4,9.06,10.23,52.98,22.36,2.0,42.22,76.49,32.11,10.02,74.76,13.16,0.753,51.92,40.84,0.0,81.3,0
2026-01-06 11:30:00,Zone_6,7.48,7.74,14.86,77.93,72.4,2.0,62.16,100.61,33.65,2.28,72.4,14.67,0.693,66.75,61.61,0.0,93.12,0
2026-01-06 11:35:00,Zone_3,8.85,10.37,10.63,104.76,53.77,2.0,36.98,77.09,29.11,1.29,91.33,6.75,0.782,54.66,42.96,0.0,67.67,0
2026-01-06 11:40:00,Zone_4,9.63,10.52,17.82,100.81,56.81,2.0,45.83,82.33,6.02,1.71,71.8,9.7,0.655,77.37,49.81,0.0,59.23,0
2026-01-06 11:45:00,Zone_2,15.61,18.75,21.35,150.0,90.2,2.0,99.83,126.97,8.06,9.53,70.75,13.17,0.643,116.74,98.9,0.0,85.51,0
2026-01-06 11:50:00,Zone_5,19.4,22.23,24.07,150.0,63.91,2.0,64.17,129.03,40.74,9.6,47.1,9.36,0.567,76.46,61.93,0.0,83.92,0
2026-01-06 11:55:00,Zone_8,11.75,16.58,17.88,106.95,70.62,2.0,46.82,123.63,7.44,8.0,48.47,9.37,0.63,114.44,49.15,0.0,40.91,0
2026-01-06 12:00:00,Zone_6,7.25,7.28,8.51,73.67,36.95,2.0,19.15,127.16,19.72,5.29,45.37,5.26,0.562,102.09,16.94,0.0,18.76,0
2026-01-06 12:05:00,Zone_2,15.44,18.75,20.03,136.58,98.5,8.53,59.46,99.12,40.33,8.44,90.66,18.99,0.783,59.15,157.98,98.84,100.54,1
2026-01-06 12:10:00,Zone_1,12.47,18.05,25.61,120.14,89.39,10.15,91.69,106.39,11.51,8.23,65.42,15.76,0.698,94.14,102.79,8.65,97.4,0
2026-01-06 12:15:00,Zone_1,9.15,12.26,16.76,88.49,60.3,6.48,15.13,97.93,13.48,1.27,68.43,3.02,0.666,84.73,13.85,0.0,17.86,0
2026-01-06 12:20:00,Zone_7,6.45,6.73,10.6,77.27,53.14,2.0,82.21,119.63,11.84,4.95,87.27,16.02,0.842,105.46,81.0,0.0,77.95,0
2026-01-06 12:25:00,Zone_8,5.14,5.31,10.92,51.64,35.53,2.0,47.64,97.35,15.17,1.74,75.46,15.58,0.719,82.58,45.01,0.0,57.69,0
2026-01-06 12:30:00,Zone_4,5.52,5.57,6.61,62.32,32.1,2.0,14.36,55.55,45.93,13.6,75.48,3.17,0.755,30.04,11.59,0.0,47.81,0
2026-01-06 12:35:00,Zone_3,7.33,9.31,12.68,44.45,21.51,2.0,17.51,121.91,32.43,11.15,59.83,9.28,0.643,82.37,20.64,0.0,21.26,0
2026-01-06 12:40:00,Zone_4,3.91,5.89,8.05,43.41,44.1,4.49,33.06,117.26,16.34,14.95,86.7,13.31,0.784,98.1,35.26,0.0,33.7,0
2026-01-06 12:45:00,Zone_4,3.12,11.79,17.13,31.36,29.21,5.38,21.4,122.93,34.72,5.23,53.29,10.7,0.65,80.25,16.97,0.0,26.66,0
2026-01-06 12:50:00,Zone_4,3.71,4.72,6.02,31.42,22.9,2.0,26.25,63.09,36.61,13.3,47.66,16.23,0.595,39.99,23.6,0.0,65.64,0
2026-01-06 12:55:00,Zone_8,3.38,4.19,7.8,35.09,30.01,2.0,20.56,70.8,40.18,9.44,54.58,10.23,0.668,42.35,18.65,0.0,48.55,0
2026-01-06 13:00:00,Zone_4,7.07,9.03,16.52,80.61,51.66,2.0,24.16,73.1,47.01,7.34,58.39,5.62,0.618,38.73,21.77,0.0,62.37,0
2026-01-06 13:05:00,Zone_5,4.55,8.04,9.84,38.13,27.01,2.0,38.68,93.27,21.92,4.12,59.12,19.6,0.607,72.82,35.26,0.0,53.11,0
2026-01-06 13:10:00,Zone_8,20.76,26.29,26.53,150.0,104.63,3.38,45.88,57.72,19.6,11.34,78.53,7.11,0.69,46.4,57.29,10.88,98.86,0
2026-01-06 13:15:00,Zone_5,9.4,12.65,15.19,111.67,47.69,2.0,68.78,81.61,12.58,13.66,55.89,15.2,0.667,71.35,88.07,16.73,96.41,0
2026-01-06 13:20:00,Zone_8,8.8,9.91,11.4,97.22,74.07,6.34,33.37,62.31,15.29,4.29,78.83,5.43,0.771,52.78,31.69,0.0,63.22,0
2026-01-06 13:25:00,Zone_7,9.28,11.3,15.2,88.42,67.49,2.0,34.78,70.15,33.85,3.46,49.56,8.59,0.59,46.4,34.86,0.0,74.95,0
2026-01-06 13:30:00,Zone_2,6.27,10.15,20.71,60.7,30.09,2.0,35.46,112.11,9.12,10.75,52.36,10.51,0.621,101.88,30.81,0.0,34.81,0
2026-01-06 13:35:00,Zone_1,16.19,17.53,19.86,150.0,112.43,2.0,58.3,126.21,11.01,14.68,70.44,6.27,0.734,112.32,53.7,0.0,51.91,0
2026-01-06 13:40:00,Zone_4,10.88,11.37,13.57,115.57,48.51,8.45,32.31,47.18,35.89,11.5,91.09,10.65,0.8,30.25,76.56,46.31,106.84,0
2026-01-06 13:45:00,Zone_7,13.58,13.96,17.68,150.0,101.74,2.0,44.94,98.76,14.41,4.98,87.98,5.67,0.737,84.53,48.77,0.0,53.17,0
2026-01-06 13:50:00,Zone_2,11.77,11.77,12.16,91.76,60.12,8.31,35.21,48.43,18.88,6.88,93.44,12.5,0.765,39.28,68.24,28.96,89.64,0
2026-01-06 13:55:00,Zone_1,4.11,6.64,7.67,48.29,27.67,4.81,33.86,53.1,25.76,6.38,77.52,14.28,0.705,39.42,37.81,0.0,85.9,0
2026-01-06 14:00:00,Zone_6,5.9,6.14,14.94,50.71,33.19,2.0,12.53,111.98,45.64,12.93,78.79,4.06,0.747,60.88,11.97,0.0,20.57,0
2026-01-06 14:05:00,Zone_3,9.93,10.49,14.37,79.19,58.47,2.0,79.88,114.88,17.13,11.8,76.25,17.81,0.703,95.2,77.11,0.0,83.91,0
2026-01-06 14:10:00,Zone_5,6.75,7.45,7.5,51.64,11.9,2.0,17.88,122.33,17.57,9.25,76.14,6.15,0.762,100.84,18.81,0.0,17.73,0
2026-01-06 14:15:00,Zone_6,7.97,9.62,10.42,92.04,71.84,2.0,26.11,90.05,11.3,4.85,52.36,6.83,0.574,79.88,28.05,0.0,32.69,0
2026-01-06 14:20:00,Zone_8,6.64,7.66,11.68,73.4,42.79,2.0,56.43,126.68,9.21,14.13,72.19,14.24,0.69,115.01,56.12,0.0,49.06,0
2026-01-06 14:25:00,Zone_1,7.84,10.09,15.14,71.35,58.56,2.0,35.2,60.85,10.78,10.15,64.3,10.97,0.617,54.29,37.55,0.0,64.83,0
2026-01-06 14:30:00,Zone_6,9.81,9.92,16.33,116.09,83.18,4.78,54.63,68.72,20.08,14.59,67.13,11.49,0.672,54.93,69.74,14.82,99.45,0
2026-01-06 14:35:00,Zone_3,29.73,29.99,31.2,150.0,92.33,3.92,39.32,57.78,29.26,9.12,71.18,5.18,0.706,40.87,42.66,1.79,96.21,0
2026-01-06 14:40:00,Zone_7,15.08,16.46,25.82,150.0,96.55,2.0,100.98,120.77,13.01,12.5,51.42,16.7,0.639,105.06,124.56,19.51,96.12,0
2026-01-06 14:45:00,Zone_1,35.32,36.14,38.96,150.0,97.25,9.87,64.18,66.72,2.39,12.38,62.97,13.49,0.668,65.13,105.21,40.07,98.53,1
2026-01-06 14:50:00,Zone_6,21.22,21.93,26.1,150.0,116.78,14.67,36.7,59.77,41.9,5.72,48.17,5.3,0.613,34.73,37.92,3.19,105.67,1
2026-01-06 14:55:00,Zone_5,13.0,13.13,16.31,133.18,72.88,13.49,77.85,104.2,9.49,14.5,93.98,9.36,0.85,94.31,82.4,0.0,82.54,0
2026-01-06 15:00:00,Zone_5,12.61,17.13,17.59,130.79,79.76,15.2,42.24,52.32,18.61,1.31,50.93,16.78,0.616,42.59,105.2,62.61,99.18,1
2026-01-06 15:05:00,Zone_2,8.56,10.91,22.46,70.7,26.97,10.49,36.37,49.27,5.4,11.76,57.93,12.66,0.613,46.6,42.67,0.0,78.04,0
2026-01-06 15:10:00,Zone_6,3.43,3.69,4.14,40.35,27.72,10.07,11.56,55.14,41.29,14.52,89.56,4.85,0.81,32.37,12.32,0.0,35.7,0
2026-01-06 15:15:00,Zone_4,3.19,3.33,4.36,37.88,17.14,5.11,22.45,45.02,9.31,5.74,69.14,9.34,0.74,40.83,20.36,0.0,54.98,0
2026-01-06 15:20:00,Zone_6,4.27,11.64,17.52,42.86,21.84,2.0,17.31,111.21,31.71,10.07,51.78,7.13,0.599,75.95,14.24,0.0,22.79,0
2026-01-06 15:25:00,Zone_7,1.86,4.14,7.52,19.37,30.41,2.0,10.65,98.41,20.1,8.87,64.21,11.8,0.688,78.63,12.22,0.0,13.54,0
2026-01-06 15:30:00,Zone_1,18.27,19.35,25.73,150.0,87.62,7.0,51.89,64.94,15.94,11.66,50.79,17.34,0.62,54.59,125.37,70.78,95.06,1
2026-01-06 15:35:00,Zone_1,16.44,18.86,21.4,150.0,95.59,7.42,42.66,67.14,34.11,13.13,55.01,10.42,0.614,44.24,74.62,30.38,96.44,1
2026-01-06 15:40:00,Zone_7,7.7,10.52,12.18,83.44,48.73,6.73,38.14,122.04,44.62,9.44,47.6,10.37,0.616,67.59,41.45,0.0,56.43,0
2026-01-06 15:45:00,Zone_6,7.18,10.21,19.13,52.61,29.45,3.8,51.13,92.67,37.8,12.42,66.91,18.39,0.673,57.64,50.65,0.0,88.7,0
2026-01-06 15:50:00,Zone_7,3.18,4.48,4.6,38.1,58.03,2.0,26.96,111.36,8.96,5.37,85.33,12.8,0.79,101.39,29.96,0.0,26.59,0
2026-01-06 15:55:00,Zone_3,61.57,62.69,69.48,150.0,76.68,16.22,60.49,88.01,31.8,4.2,74.3,12.63,0.714,60.03,105.21,45.19,100.78,1
2026-01-06 16:00:00,Zone_8,40.76,40.78,41.7,150.0,105.23,26.62,38.2,67.58,39.08,7.03,75.32,7.45,0.728,41.17,63.29,22.12,92.78,1
2026-01-06 16:05:00,Zone_7,26.18,31.4,38.01,150.0,126.63,24.08,100.63,137.19,20.93,10.49,55.03,13.33,0.653,108.48,101.59,0.0,92.76,1
2026-01-06 16:10:00,Zone_5,15.41,17.26,17.78,141.93,105.2,21.1,85.47,98.74,13.22,3.62,62.19,12.79,0.603,85.69,85.08,0.0,99.75,0
2026-01-06 16:15:00,Zone_7,12.44,12.89,15.93,147.44,96.4,22.02,52.13,57.44,10.79,10.52,87.26,9.75,0.805,51.25,89.95,38.71,101.72,1
2026-01-06 16:20:00,Zone_1,8.85,13.89,21.55,89.38,44.02,29.46,60.41,83.58,28.4,6.52,49.39,19.84,0.618,59.84,85.26,25.42,100.96,0
2026-01-06 16:25:00,Zone_5,33.31,38.24,40.48,150.0,113.16,42.38,51.58,76.29,32.07,12.14,87.9,17.99,0.772,51.82,162.1,110.28,99.53,1
2026-01-06 16:30:00,Zone_1,20.15,29.2,34.0,150.0,108.75,39.39,56.23,65.34,7.09,1.52,69.18,15.74,0.695,60.71,127.65,66.94,92.63,1
2026-01-06 16:35:00,Zone_2,11.21,15.36,21.07,132.19,67.56,31.12,94.1,133.68,20.67,10.35,86.86,12.13,0.755,106.05,94.19,0.0,88.73,0
2026-01-06 16:40:00,Zone_4,5.32,17.54,22.21,59.49,34.83,18.86,31.15,128.69,15.4,10.1,60.9,10.86,0.631,108.87,31.67,0.0,28.61,0
2026-01-06 16:45:00,Zone_1,2.68,3.24,12.32,31.63,6.08,16.73,8.83,63.92,11.28,14.17,61.94,6.14,0.668,56.71,10.09,0.0,15.57,0
2026-01-06 16:50:00,Zone_5,9.55,13.24,15.31,104.32,33.5,14.74,56.21,78.45,17.5,10.99,82.58,8.2,0.842,64.73,55.98,0.0,86.84,0
2026-01-06 16:55:00,Zone_2,11.1,14.56,15.23,127.35,68.02,14.12,81.6,117.42,26.84,12.15,84.25,16.16,0.791,85.91,126.62,40.71,94.99,0
2026-01-06 17:00:00,Zone_1,8.18,8.7,8.87,61.4,41.17,7.43,30.95,64.81,2.17,13.66,56.48,10.71,0.607,63.4,31.05,0.0,48.81,0
2026-01-06 17:05:00,Zone_3,10.04,10.25,11.24,103.77,74.41,10.64,68.87,101.2,29.65,10.45,93.64,18.0,0.841,71.2,122.24,51.04,96.74,0
2026-01-06 17:10:00,Zone_7,25.35,33.12,33.66,150.0,93.62,5.88,38.1,111.48,8.47,5.06,49.22,5.51,0.614,102.03,39.47,0.0,37.34,0
2026-01-06 17:15:00,Zone_4,22.02,22.72,25.58,150.0,113.99,11.38,45.28,107.13,53.68,13.18,48.43,11.64,0.54,49.62,73.39,23.76,91.25,1
2026-01-06 17:20:00,Zone_1,14.78,18.88,19.59,150.0,109.85,14.03,74.49,112.11,29.08,11.47,74.78,14.0,0.714,79.51,116.67,37.16,93.69,1
2026-01-06 17:25:00,Zone_2,10.25,10.25,10.39,112.36,71.53,16.69,81.43,112.14,6.19,6.94,81.14,11.79,0.751,105.2,77.4,0.0,77.4,0
2026-01-06 17:30:00,Zone_3,16.1,16.14,16.27,56.14,33.46,9.37,65.12,136.66,16.12,10.95,93.04,18.12,0.819,114.63,64.77,0.0,56.81,0
2026-01-06 17:35:00,Zone_6,7.13,8.38,14.62,53.1,39.11,4.11,60.72,77.92,3.59,13.15,65.25,19.82,0.675,75.12,55.28,0.0,80.83,0
2026-01-06 17:40:00,Zone_2,16.91,17.45,20.59,150.0,97.29,2.0,39.54,128.47,14.72,14.66,46.26,4.97,0.586,109.56,33.96,0.0,36.09,0
2026-01-06 17:45:00,Zone_7,43.35,45.69,47.24,150.0,80.39,7.2,42.44,47.07,16.0,14.33,75.14,5.21,0.698,39.54,42.4,2.86,107.33,0
2026-01-06 17:50:00,Zone_2,20.1,21.77,29.63,150.0,93.96,9.28,34.96,72.38,13.42,5.55,59.48,5.22,0.638,62.66,38.8,0.0,55.78,0
2026-01-06 17:55:00,Zone_3,10.38,10.54,10.8,119.94,85.95,15.97,27.4,49.62,52.35,6.9,66.65,14.58,0.675,23.64,91.84,68.2,115.9,1
2026-01-06 18:00:00,Zone_2,5.66,6.01,19.76,67.84,59.87,15.86,35.67,106.86,20.0,2.53,69.42,9.34,0.732,85.49,36.05,0.0,41.72,0
2026-01-06 18:05:00,Zone_3,32.09,33.07,36.42,150.0,109.02,25.66,43.64,54.58,16.85,4.47,48.23,15.47,0.57,45.38,102.89,57.51,96.16,1
2026-01-06 18:10:00,Zone_1,18.01,18.42,19.13,150.0,101.51,18.04,78.28,125.34,15.98,13.35,69.3,9.89,0.689,105.31,79.54,0.0,74.33,0
2026-01-06 18:15:00,Zone_8,19.23,22.37,26.35,150.0,114.99,13.91,86.3,106.43,16.24,6.05,66.32,13.67,0.671,89.14,106.99,17.85,96.82,1
2026-01-06 18:20:00,Zone_3,11.21,12.29,17.33,114.22,79.33,23.62,42.0,47.74,12.78,9.69,80.63,16.09,0.801,41.64,114.45,72.81,100.88,1
2026-01-06 18:25:00,Zone_3,9.97,10.17,12.13,82.32,52.45,16.43,66.56,112.9,7.87,10.32,77.28,12.32,0.756,104.02,59.66,0.0,63.99,0
2026-01-06 18:30:00,Zone_4,10.02,11.35,18.27,95.36,79.73,12.18,48.64,126.89,46.12,11.95,54.26,12.17,0.593,68.38,53.56,0.0,71.14,0
2026-01-06 18:35:00,Zone_3,7.95,8.14,8.71,45.17,38.01,6.53,15.92,107.81,40.83,3.56,55.31,4.5,0.638,63.79,10.09,0.0,24.96,0
2026-01-06 18:40:00,Zone_3,12.59,12.87,14.01,150.0,113.12,10.17,37.99,47.9,28.7,5.27,57.55,9.98,0.607,34.15,70.75,36.59,111.26,1
2026-01-06 18:45:00,Zone_6,6.37,6.91,7.26,76.17,35.26,2.2,45.11,126.5,21.2,7.28,53.95,12.28,0.628,99.68,45.65,0.0,45.26,0
2026-01-06 18:50:00,Zone_8,29.13,33.06,33.89,150.0,87.18,7.51,83.49,114.58,24.32,6.11,77.86,10.85,0.78,86.71,98.8,12.09,96.28,0
2026-01-06 18:55:00,Zone_1,13.18,18.35,19.3,150.0,87.69,21.39,46.9,80.95,35.79,14.76,94.72,18.31,0.765,51.98,163.43,111.45,90.23,1
2026-01-06 19:00:00,Zone_7,6.24,9.74,18.48,69.65,47.45,17.19,55.56,76.22,21.97,12.69,77.61,18.41,0.708,59.48,70.59,11.11,93.42,0
2026-01-06 19:05:00,Zone_4,7.09,7.91,8.19,77.88,72.51,11.87,68.9,90.58,20.34,7.72,75.33,16.97,0.731,72.16,75.19,3.03,95.48,0
2026-01-06 19:10:00,Zone_6,5.35,5.99,7.94,58.54,24.38,4.67,28.12,127.37,8.24,13.31,65.5,9.38,0.666,116.88,28.42,0.0,24.05,0
2026-01-06 19:15:00,Zone_5,31.83,33.43,36.09,150.0,108.36,13.61,55.68,68.95,17.46,5.87,60.63,15.19,0.66,56.91,116.92,60.01,97.84,1
2026-01-06 19:20:00,Zone_8,16.46,19.02,27.04,150.0,83.07,17.17,33.77,54.59,41.14,12.0,90.55,9.72,0.8,32.13,90.75,58.62,105.11,1
2026-01-06 19:25:00,Zone_1,17.05,27.08,48.34,150.0,122.91,5.28,64.17,127.14,5.57,4.13,93.45,6.95,0.767,120.06,62.21,0.0,53.45,0
2026-01-06 19:30:00,Zone_1,11.51,11.79,16.69,117.96,57.52,3.74,41.88,47.5,11.58,11.81,69.84,8.83,0.718,42.0,58.15,16.15,99.7,0
2026-01-06 19:35:00,Zone_5,6.05,6.15,18.52,63.76,50.33,2.0,12.54,131.54,53.5,7.39,59.51,4.21,0.608,61.17,12.67,0.0,20.5,0
2026-01-06 19:40:00,Zone_7,10.52,12.89,18.3,121.03,89.23,2.0,66.36,74.05,5.29,2.5,83.51,8.64,0.774,70.13,62.93,0.0,94.62,0
2026-01-06 19:45:00,Zone_3,43.89,47.46,59.02,150.0,104.94,7.65,75.93,93.28,19.7,4.83,51.62,10.83,0.594,74.9,75.13,0.23,101.36,0
2026-01-06 19:50:00,Zone_6,21.28,25.03,29.33,150.0,86.97,23.48,50.24,57.57,13.31,6.63,83.28,19.24,0.838,49.9,188.23,138.33,100.67,1
2026-01-06 19:55:00,Zone_2,43.41,45.68,45.97,150.0,84.82,28.03,74.19,130.71,22.58,11.49,85.95,8.33,0.776,101.2,75.41,0.0,73.31,0
2026-01-06 20:00:00,Zone_4,22.64,28.8,30.6,150.0,112.77,27.58,86.66,116.23,26.83,2.02,51.25,18.34,0.617,85.04,131.98,46.93,101.9,1
2026-01-06 20:05:00,Zone_2,44.61,46.04,49.68,150.0,110.08,25.51,69.7,132.79,9.5,10.23,93.84,6.89,0.836,120.18,67.19,0.0,58.0,0
2026-01-06 20:10:00,Zone_5,21.78,26.68,28.19,150.0,109.92,20.21,59.86,109.91,19.73,11.02,94.28,6.25,0.832,88.22,60.6,0.0,67.85,0
2026-01-06 20:15:00,Zone_1,17.31,24.18,25.3,150.0,111.37,25.52,49.17,62.55,10.39,10.15,91.84,11.82,0.808,56.04,111.5,55.46,87.74,1
2026-01-06 20:20:00,Zone_7,36.69,40.45,43.46,150.0,79.07,33.45,67.42,74.29,7.79,11.65,69.8,14.43,0.669,68.5,112.7,44.2,98.42,1
2026-01-06 20:25:00,Zone_1,22.74,23.48,32.96,150.0,78.71,30.66,25.65,91.25,14.28,3.49,57.3,3.75,0.633,78.22,27.73,0.0,32.79,0
2026-01-06 20:30:00,Zone_4,14.03,14.46,14.59,150.0,89.44,18.24,54.55,102.69,16.01,9.22,74.1,6.76,0.665,86.25,52.39,0.0,63.24,0
2026-01-06 20:35:00,Zone_1,7.77,9.36,14.49,81.02,46.91,11.85,47.69,133.01,11.08,14.18,66.0,10.75,0.695,118.28,47.04,0.0,40.32,0
2026-01-06 20:40:00,Zone_1,6.8,8.01,12.49,66.58,36.24,4.81,26.88,81.48,22.06,9.55,55.3,8.63,0.714,63.5,31.9,0.0,42.34,0
2026-01-06 20:45:00,Zone_4,17.47,21.68,33.31,150.0,100.83,4.39,91.12,111.79,17.64,9.56,66.18,15.11,0.686,92.07,121.01,28.93,98.96,0
2026-01-06 20:50:00,Zone_6,8.71,8.92,18.27,102.46,79.98,2.0,75.12,136.3,17.65,11.31,78.19,11.69,0.751,112.25,69.97,0.0,66.92,0
2026-01-06 20:55:00,Zone_6,15.29,15.88,20.91,150.0,93.97,2.0,36.03,59.48,22.99,5.66,48.55,5.73,0.546,45.8,36.49,0.0,78.66,0
2026-01-06 21:00:00,Zone_4,13.27,16.05,18.63,150.0,87.72,11.06,69.2,126.96,44.36,10.81,61.67,18.21,0.634,70.63,134.64,64.0,97.96,1
2026-01-06 21:05:00,Zone_7,9.19,9.39,10.19,109.03,80.63,5.4,40.0,84.97,3.36,13.83,45.89,7.98,0.606,82.11,41.03,0.0,48.71,0
2026-01-06 21:10:00,Zone_5,11.99,12.76,15.52,76.69,46.46,7.92,66.38,114.58,19.91,1.15,82.47,15.43,0.719,91.76,66.17,0.0,72.34,0
2026-01-06 21:15:00,Zone_8,15.98,16.96,22.03,135.13,89.12,13.56,65.14,72.89,15.27,13.18,77.03,16.26,0.713,61.75,121.89,60.14,105.48,1
2026-01-06 21:20:00,Zone_1,9.75,11.7,19.61,115.85,71.32,19.18,70.42,76.73,10.55,4.06,48.13,19.37,0.608,68.63,106.09,37.46,102.61,1
2026-01-06 21:25:00,Zone_7,8.04,8.38,13.84,85.91,59.92,23.43,32.17,47.58,27.3,7.38,93.24,11.47,0.84,34.59,64.44,29.85,93.01,0
2026-01-06 21:30:00,Zone_1,11.83,15.77,16.53,138.2,77.66,14.1,83.38,137.28,17.36,12.93,46.13,13.47,0.577,113.45,83.59,0.0,73.49,0
2026-01-06 21:35:00,Zone_8,17.54,18.72,21.93,150.0,106.22,4.76,73.62,122.28,5.91,12.53,74.5,8.69,0.726,115.05,73.65,0.0,63.99,0
2026-01-06 21:40:00,Zone_5,10.57,15.54,16.96,94.87,61.27,11.09,29.99,53.92,45.58,13.49,83.82,14.53,0.773,29.35,82.84,53.49,102.21,0
2026-01-06 21:45:00,Zone_6,8.23,9.5,9.53,44.66,19.85,2.0,29.06,139.95,3.09,14.17,84.39,10.88,0.735,135.63,27.77,0.0,21.42,0
2026-01-06 21:50:00,Zone_7,5.04,5.69,6.47,42.4,33.93,2.0,19.73,102.48,8.88,7.26,46.71,10.44,0.581,93.38,20.02,0.0,21.13,0
2026-01-06 21:55:00,Zone_3,3.9,4.21,4.63,38.93,16.12,2.0,39.23,126.1,13.87,10.19,90.32,17.54,0.809,108.61,42.96,0.0,36.12,0
2026-01-06 22:00:00,Zone_3,6.18,6.19,12.66,57.56,28.76,2.0,13.49,51.33,28.67,6.47,90.92,3.85,0.802,36.61,13.83,0.0,36.84,0
2026-01-06 22:05:00,Zone_8,2.93,4.45,5.49,28.41,4.05,2.0,25.06,82.0,22.06,5.91,73.07,17.99,0.658,63.91,26.15,0.0,39.21,0
2026-01-06 22:10:00,Zone_3,7.3,7.53,8.7,44.27,8.34,2.0,41.96,108.62,16.44,7.04,69.1,17.49,0.742,90.76,44.65,0.0,46.23,0
2026-01-06 22:15:00,Zone_6,7.81,8.8,20.06,56.93,43.41,2.0,30.81,55.11,9.32,11.4,47.24,11.61,0.553,49.97,28.44,0.0,61.65,0
2026-01-06 22:20:00,Zone_8,8.65,10.43,12.09,89.06,71.88,2.0,56.4,91.45,21.56,8.02,73.1,11.33,0.718,71.73,56.34,0.0,78.63,0
2026-01-06 22:25:00,Zone_6,12.02,12.66,12.7,137.13,83.73,2.0,63.95,87.05,19.82,12.4,65.47,9.15,0.687,69.8,67.05,0.0,91.62,0
2026-01-06 22:30:00,Zone_5,6.26,6.64,7.81,68.85,35.17,2.0,52.3,65.52,27.8,11.43,83.64,19.9,0.755,47.31,80.42,33.11,110.56,0
2026-01-06 22:35:00,Zone_1,5.59,8.57,9.02,66.48,21.46,2.0,18.53,73.53,2.52,1.29,65.19,4.89,0.683,71.67,17.28,0.0,25.85,0
2026-01-06 22:40:00,Zone_5,7.79,13.66,14.04,63.05,14.9,2.0,48.56,136.88,23.14,9.82,79.18,13.03,0.723,105.2,46.19,0.0,46.16,0
2026-01-06 22:45:00,Zone_5,3.82,4.03,4.31,35.07,31.51,2.0,29.6,72.42,27.85,7.11,50.07,14.59,0.665,52.25,26.45,0.0,56.64,0
2026-01-06 22:50:00,Zone_6,2.05,2.39,5.54,17.57,0.0,4.35,14.18,65.28,38.32,7.39,51.65,18.88,0.6,40.26,15.49,0.0,35.22,0
2026-01-06 22:55:00,Zone_8,1.96,8.4,9.13,12.02,0.0,2.0,11.31,95.94,29.89,12.46,51.99,16.26,0.637,67.26,9.68,0.0,16.82,0
2026-01-06 23:00:00,Zone_8,3.51,3.59,5.16,11.4,10.81,2.0,1.06,108.74,48.12,8.67,47.28,13.95,0.554,56.41,6.85,0.0,1.87,0
2026-01-06 23:05:00,Zone_3,3.31,10.91,17.85,37.37,25.36,2.0,13.49,113.88,32.02,13.4,72.07,4.99,0.732,77.42,10.61,0.0,17.43,0
2026-01-06 23:10:00,Zone_2,5.68,5.69,7.63,33.11,25.42,2.0,17.91,116.65,27.06,10.98,84.7,9.35,0.752,85.09,18.12,0.0,21.05,0
2026-01-06 23:15:00,Zone_1,6.34,10.48,19.14,35.11,22.9,2.0,11.62,48.5,20.05,8.74,75.52,5.36,0.686,38.77,10.04,0.0,29.96,0
2026-01-06 23:20:00,Zone_6,29.18,29.92,32.33,150.0,93.22,8.35,70.81,82.41,12.06,11.56,73.75,17.98,0.687,72.47,144.07,71.6,97.71,1
2026-01-06 23:25:00,Zone_3,13.67,19.25,21.03,150.0,83.85,11.96,107.73,118.53,11.95,1.54,79.03,15.74,0.72,104.37,132.19,27.83,103.22,1
2026-01-06 23:30:00,Zone_7,32.24,33.01,37.86,150.0,89.89,13.23,116.41,130.96,12.16,1.38,61.98,15.88,0.663,115.04,122.86,7.83,101.19,0
2026-01-06 23:35:00,Zone_2,20.85,22.97,23.24,150.0,94.03,14.85,83.64,102.21,8.68,2.17,63.1,14.09,0.752,93.34,123.56,30.22,89.61,1
2026-01-06 23:40:00,Zone_2,13.55,13.72,14.05,150.0,74.82,16.33,40.56,49.97,20.56,7.13,60.71,11.62,0.736,39.69,99.73,60.03,102.18,1
2026-01-06 23:45:00,Zone_6,10.19,10.74,14.44,118.76,67.76,9.66,37.26,82.68,27.3,4.3,80.61,5.55,0.743,60.11,38.11,0.0,61.98,0
2026-01-06 23:50:00,Zone_4,23.68,26.65,28.99,150.0,93.03,16.54,34.22,52.05,36.4,14.78,53.08,8.6,0.644,33.11,64.67,31.56,103.37,1
2026-01-06 23:55:00,Zone_1,21.98,23.48,28.95,150.0,89.23,8.38,35.34,116.11,40.85,8.59,45.65,5.33,0.541,68.68,33.6,0.0,51.45,0
2026-01-07 00:00:00,Zone_2,14.27,19.53,28.21,135.11,83.71,15.53,42.4,51.03,10.77,10.27,74.81,15.32,0.661,45.53,106.42,60.89,93.1,1
2026-01-07 00:05:00,Zone_6,7.33,8.45,10.17,87.39,64.83,7.46,31.22,62.64,5.92,4.9,92.12,5.72,0.812,58.93,31.57,0.0,52.98,0
2026-01-07 00:10:00,Zone_6,38.91,42.99,46.16,150.0,107.0,16.29,52.6,84.61,32.88,5.51,75.47,14.94,0.744,56.79,129.6,72.81,92.62,1
2026-01-07 00:15:00,Zone_3,27.85,29.04,31.47,150.0,115.64,17.73,79.65,88.95,13.74,5.7,84.15,14.77,0.794,76.73,136.84,60.11,103.81,1
2026-01-07 00:20:00,Zone_7,14.14,21.89,35.87,144.01,75.51,18.56,64.09,83.62,22.98,10.78,78.64,10.81,0.776,64.4,93.89,29.49,99.52,1
2026-01-07 00:25:00,Zone_4,13.01,19.44,25.66,117.0,71.0,17.02,34.54,89.02,6.45,7.63,69.87,5.3,0.689,83.28,33.24,0.0,41.48,0
2026-01-07 00:30:00,Zone_1,45.36,46.15,54.65,150.0,112.23,18.6,74.65,112.76,17.4,8.25,80.92,8.35,0.757,93.14,73.74,0.0,80.14,0
2026-01-07 00:35:00,Zone_8,25.95,30.29,31.32,150.0,76.55,19.86,62.55,80.08,16.24,9.29,86.21,8.44,0.806,67.07,79.35,12.27,93.26,0
2026-01-07 00:40:00,Zone_5,10.96,14.72,19.91,124.26,66.65,16.79,81.91,97.04,15.87,11.76,56.24,14.91,0.667,81.64,96.09,14.45,100.33,0
2026-01-07 00:45:00,Zone_7,10.25,10.72,11.8,110.4,64.37,16.19,32.12,73.82,44.03,2.27,61.81,4.93,0.632,41.31,26.77,0.0,77.75,0
2026-01-07 00:50:00,Zone_7,5.94,7.9,8.72,71.04,70.71,12.86,55.52,78.59,18.25,11.88,56.19,17.09,0.637,64.25,60.19,0.0,86.41,0
2026-01-07 00:55:00,Zone_3,5.36,5.51,15.61,64.16,30.01,2.0,53.25,103.31,47.64,8.89,67.61,15.94,0.708,54.09,56.27,2.18,98.45,0
2026-01-07 01:00:00,Zone_8,7.14,10.77,10.84,80.79,65.52,2.24,33.31,91.6,35.93,10.37,89.25,6.17,0.801,58.69,31.03,0.0,56.75,0
2026-01-07 01:05:00,Zone_2,6.1,6.48,18.26,71.29,46.0,2.0,52.01,113.69,27.38,5.59,62.26,15.23,0.643,82.57,54.25,0.0,62.99,0
2026-01-07 01:10:00,Zone_2,4.93,5.08,5.65,53.77,21.19,2.0,42.37,98.25,32.76,6.73,63.72,14.36,0.669,66.06,40.17,0.0,64.13,0
2026-01-07 01:15:00,Zone_3,14.55,15.58,21.57,150.0,131.1,2.4,75.2,121.34,36.87,4.24,88.02,15.72,0.806,76.6,147.8,71.2,98.18,1
2026-01-07 01:20:00,Zone_6,8.63,10.35,11.48,103.02,69.3,2.0,31.76,87.12,46.56,14.71,70.77,6.21,0.681,46.56,33.9,0.0,68.21,0
2026-01-07 01:25:00,Zone_2,11.02,14.88,16.39,89.06,62.4,2.0,18.94,91.65,11.24,7.96,71.77,5.68,0.673,81.35,26.47,0.0,23.29,0
2026-01-07 01:30:00,Zone_4,3.75,11.07,11.92,44.82,35.54,2.0,20.55,108.65,7.89,14.95,88.04,7.02,0.852,100.07,20.85,0.0,20.53,0
2026-01-07 01:35:00,Zone_1,4.13,5.29,8.37,25.61,22.13,2.0,12.69,66.02,31.96,7.86,69.53,9.22,0.703,44.92,12.91,0.0,28.26,0
2026-01-07 01:40:00,Zone_7,2.33,2.45,3.95,24.95,42.04,2.04,28.7,81.66,31.48,4.08,79.08,16.49,0.774,55.95,24.75,0.0,51.28,0
2026-01-07 01:45:00,Zone_7,6.82,9.58,13.33,38.02,46.15,4.96,28.72,104.36,16.19,8.1,49.28,15.54,0.603,87.46,27.71,0.0,32.84,0
2026-01-07 01:50:00,Zone_4,9.4,11.07,11.12,72.61,36.02,8.58,32.1,47.74,28.0,1.55,53.93,18.73,0.651,34.38,68.89,34.51,93.38,0
2026-01-07 01:55:00,Zone_8,4.5,5.69,5.93,34.95,46.94,5.17,2.66,86.51,19.27,13.67,65.22,4.0,0.678,69.85,7.37,0.0,3.81,0
2026-01-07 02:00:00,Zone_2,5.57,6.31,6.68,46.77,22.0,2.0,10.95,101.89,22.86,12.46,69.74,3.2,0.716,78.6,8.33,0.0,13.93,0
2026-01-07 02:05:00,Zone_7,3.03,4.43,6.33,36.28,27.45,2.0,33.24,136.9,12.06,11.16,93.29,14.89,0.783,120.39,32.89,0.0,27.61,0
2026-01-07 02:10:00,Zone_5,11.46,12.28,18.18,62.02,22.9,2.0,27.4,128.32,7.39,9.54,93.53,7.75,0.765,118.84,28.58,0.0,23.06,0
2026-01-07 02:15:00,Zone_8,10.55,13.37,21.04,88.7,70.09,3.08,44.69,71.67,4.33,9.12,87.56,8.68,0.774,68.57,46.32,0.0,65.18,0
2026-01-07 02:20:00,Zone_1,8.98,10.55,11.53,67.12,39.94,2.92,42.96,93.18,30.94,14.95,60.78,12.3,0.611,64.36,39.23,0.0,66.75,0
2026-01-07 02:25:00,Zone_1,11.19,15.38,18.37,114.91,60.9,8.62,34.55,50.36,38.46,4.89,93.2,4.74,0.752,30.99,31.88,0.89,111.47,0
2026-01-07 02:30:00,Zone_7,15.96,17.53,22.65,150.0,111.76,11.39,49.02,67.87,23.48,11.92,79.47,13.93,0.756,51.94,122.89,70.95,94.38,1
2026-01-07 02:35:00,Zone_3,15.28,15.82,17.01,142.98,110.17,2.96,51.91,118.61,17.93,9.14,64.65,8.53,0.62,97.34,58.81,0.0,53.33,0
2026-01-07 02:40:00,Zone_8,49.42,53.23,55.07,150.0,115.14,21.27,45.84,56.71,16.38,14.66,80.08,13.76,0.779,47.43,125.01,77.58,96.65,1
2026-01-07 02:45:00,Zone_7,29.7,31.33,33.92,150.0,79.22,32.13,61.9,69.48,10.09,12.59,45.83,17.18,0.622,62.47,124.73,62.26,99.09,1
2026-01-07 02:50:00,Zone_3,13.09,13.56,14.06,150.0,116.38,23.33,39.39,134.68,8.43,14.98,52.31,5.91,0.568,123.33,39.17,0.0,31.94,0
2026-01-07 02:55:00,Zone_7,13.15,15.1,15.19,111.85,69.1,4.86,105.17,123.27,9.03,9.24,86.48,18.82,0.791,112.14,129.56,17.42,93.79,0
2026-01-07 03:00:00,Zone_5,9.39,10.27,10.86,109.94,96.08,2.0,81.58,119.27,34.14,3.86,77.28,12.02,0.792,78.55,81.43,2.88,103.86,0
2026-01-07 03:05:00,Zone_8,15.85,19.57,23.02,150.0,105.0,9.61,65.58,127.13,42.88,8.05,63.21,18.69,0.652,72.61,142.14,69.53,90.31,1
2026-01-07 03:10:00,Zone_6,8.47,9.68,9.95,86.93,59.52,2.0,29.48,116.21,13.17,10.96,70.03,6.53,0.718,100.91,31.73,0.0,29.22,0
2026-01-07 03:15:00,Zone_1,17.49,20.09,20.82,150.0,97.6,13.81,39.83,56.46,22.47,11.84,90.26,13.28,0.873,43.77,135.24,91.47,91.0,1
2026-01-07 03:20:00,Zone_7,36.82,37.02,38.46,150.0,97.34,19.62,75.34,94.07,13.99,1.01,76.58,9.87,0.683,80.91,78.57,0.0,93.12,0
2026-01-07 03:25:00,Zone_5,21.02,22.03,22.32,150.0,89.35,28.01,58.21,87.2,24.23,8.07,64.91,16.16,0.644,66.08,121.42,55.34,88.09,1
2026-01-07 03:30:00,Zone_3,10.0,18.17,18.92,119.94,65.15,26.76,62.11,74.56,15.24,4.29,51.02,13.3,0.622,63.2,77.18,13.98,98.29,0
2026-01-07 03:35:00,Zone_3,8.47,11.77,20.25,76.14,45.14,19.39,52.45,124.23,26.32,13.25,59.69,11.41,0.714,91.54,48.2,0.0,57.29,0
2026-01-07 03:40:00,Zone_1,10.38,10.73,10.8,48.72,45.96,12.79,55.53,89.09,12.92,3.14,93.92,18.52,0.798,77.58,56.03,0.0,71.58,0
2026-01-07 03:45:00,Zone_4,5.63,6.29,9.99,37.73,7.76,11.63,17.89,50.73,4.29,10.33,66.87,9.41,0.757,48.55,20.92,0.0,36.85,0
2026-01-07 03:50:00,Zone_7,3.6,4.4,6.1,32.08,36.94,8.32,15.95,71.12,38.22,4.72,68.59,6.74,0.697,43.94,11.72,0.0,36.3,0
2026-01-07 03:55:00,Zone_8,22.34,24.45,28.35,150.0,99.22,15.16,47.84,66.72,30.68,5.99,69.93,13.34,0.641,46.25,99.69,53.44,103.44,1
2026-01-07 04:00:00,Zone_2,9.62,12.45,15.56,105.91,78.22,3.13,92.05,129.31,6.06,14.17,89.21,13.61,0.844,121.48,94.58,0.0,75.77,0
2026-01-07 04:05:00,Zone_3,12.85,15.61,16.5,140.75,101.48,2.0,70.67,106.51,33.22,4.37,75.2,10.46,0.712,71.12,81.57,10.45,99.36,0
2026-01-07 04:10:00,Zone_8,9.13,10.56,17.13,97.88,74.76,2.0,68.62,98.24,28.62,2.33,79.68,11.27,0.762,70.12,65.38,0.0,97.86,0
2026-01-07 04:15:00,Zone_8,5.23,8.56,10.93,52.09,34.12,2.0,46.0,93.13,19.26,1.97,64.47,19.31,0.623,75.2,48.71,0.0,61.17,0
2026-01-07 04:20:00,Zone_6,4.52,5.67,11.72,27.38,18.43,2.0,18.79,106.76,17.88,8.06,46.45,15.46,0.56,87.68,18.42,0.0,21.43,0
2026-01-07 04:25:00,Zone_8,3.62,3.89,5.71,29.99,30.22,2.0,7.52,116.71,7.36,9.98,91.55,4.88,0.763,108.13,8.68,0.0,6.95,0
2026-01-07 04:30:00,Zone_8,2.02,3.69,18.31,17.44,0.0,2.0,3.27,97.67,3.74,5.58,92.46,6.61,0.764,94.02,6.85,0.0,3.48,0
2026-01-07 04:35:00,Zone_6,1.39,7.48,12.63,11.34,0.0,2.0,14.58,134.14,2.77,10.66,92.46,19.58,0.815,130.42,14.08,0.0,11.18,0
2026-01-07 04:40:00,Zone_3,7.11,10.26,22.09,84.65,49.44,2.0,84.96,137.8,25.92,1.85,92.18,15.35,0.828,102.09,83.67,0.0,83.23,0
2026-01-07 04:45:00,Zone_8,5.86,7.59,10.12,54.61,38.95,2.0,60.22,139.56,55.32,13.0,85.76,18.56,0.762,62.35,60.09,0.0,96.58,0
2026-01-07 04:50:00,Zone_4,16.35,18.43,20.68,150.0,120.55,2.0,55.2,108.59,45.83,12.43,79.23,8.17,0.703,58.83,66.98,8.15,93.84,0
2026-01-07 04:55:00,Zone_4,9.92,15.26,20.19,116.19,76.1,2.0,98.82,133.6,29.34,14.8,87.23,15.61,0.748,94.4,105.51,11.11,104.68,0
2026-01-07 05:00:00,Zone_5,8.07,9.19,16.62,77.72,74.52,2.0,64.64,83.43,19.15,14.11,75.03,15.14,0.736,67.45,67.38,0.0,95.82,0
2026-01-07 05:05:00,Zone_6,5.21,6.02,17.66,41.95,33.45,2.0,17.67,126.66,43.7,5.99,51.72,8.01,0.612,71.31,15.99,0.0,24.77,0
2026-01-07 05:10:00,Zone_5,35.9,43.46,44.84,150.0,92.06,2.0,101.15,131.37,14.04,6.59,64.56,12.36,0.684,112.92,98.73,0.0,89.57,0
2026-01-07 05:15:00,Zone_6,25.92,29.91,35.52,150.0,111.26,2.0,101.82,130.89,14.8,11.44,93.56,13.67,0.865,111.52,137.85,26.32,91.3,0
2026-01-07 05:20:00,Zone_7,16.2,16.98,17.81,150.0,94.59,2.0,91.18,123.93,6.21,2.88,62.56,11.18,0.68,116.23,88.69,0.0,78.45,0
2026-01-07 05:25:00,Zone_7,14.11,15.36,18.12,119.78,80.87,3.31,70.21,83.63,14.36,5.4,88.39,17.06,0.804,71.62,127.84,56.22,98.04,0
2026-01-07 05:30:00,Zone_8,10.04,11.12,11.81,90.89,43.04,8.92,45.76,60.1,20.96,2.66,49.66,17.16,0.669,47.5,81.2,33.7,96.34,0
2026-01-07 05:35:00,Zone_2,5.54,5.86,7.36,48.32,13.31,2.79,42.3,76.73,15.3,7.37,61.71,17.46,0.65,64.99,42.67,0.0,65.1,0
2026-01-07 05:40:00,Zone_7,5.73,12.06,21.44,62.24,47.1,2.0,60.96,117.89,9.84,8.73,62.55,16.66,0.734,106.29,59.21,0.0,57.35,0
2026-01-07 05:45:00,Zone_2,9.25,10.29,10.84,37.76,37.79,2.0,14.08,67.12,29.37,3.96,47.58,11.3,0.631,47.41,20.93,0.0,29.69,0
2026-01-07 05:50:00,Zone_7,4.08,8.24,11.75,43.2,51.43,2.0,19.08,90.44,3.64,1.37,50.95,9.48,0.596,87.15,18.99,0.0,21.9,0
2026-01-07 05:55:00,Zone_1,3.33,3.75,6.9,35.9,13.62,2.0,32.27,98.71,40.9,11.07,54.66,17.13,0.647,58.34,30.97,0.0,55.31,0
2026-01-07 06:00:00,Zone_7,10.75,12.34,12.79,118.54,94.62,7.01,57.14,102.37,49.5,1.28,86.89,11.33,0.778,51.69,81.3,29.61,110.54,0
2026-01-07 06:05:00,Zone_5,33.68,33.73,35.11,150.0,113.27,2.0,41.89,133.89,17.65,14.63,48.17,7.19,0.548,110.27,45.94,0.0,37.99,0
2026-01-07 06:10:00,Zone_3,22.5,25.39,28.29,150.0,91.61,2.0,89.41,107.84,9.25,4.1,59.94,11.62,0.649,97.86,88.08,0.0,91.36,0
2026-01-07 06:15:00,Zone_8,10.12,11.86,12.59,105.49,85.23,2.0,22.24,119.7,30.82,10.29,45.51,5.41,0.534,82.8,23.69,0.0,26.86,0
2026-01-07 06:20:00,Zone_5,36.32,38.29,43.93,150.0,108.83,14.6,42.98,100.28,57.74,7.09,79.78,14.76,0.756,42.38,130.14,87.77,101.43,1
2026-01-07 06:25:00,Zone_3,20.07,20.17,32.71,150.0,111.21,9.77,79.23,124.19,12.81,1.84,76.02,8.71,0.754,108.28,76.63,0.0,73.18,0
2026-01-07 06:30:00,Zone_4,14.44,14.91,15.76,150.0,123.51,9.76,59.69,70.05,9.83,7.61,77.25,7.43,0.73,63.16,63.27,0.1,94.51,0
2026-01-07 06:35:00,Zone_5,7.47,7.62,8.35,89.06,71.1,10.69,59.94,64.94,15.04,8.23,63.72,19.26,0.676,55.17,90.12,34.95,108.63,0
2026-01-07 06:40:00,Zone_4,19.69,20.37,22.5,150.0,71.86,6.55,107.17,133.0,20.82,12.97,55.41,16.21,0.633,105.31,119.78,14.47,101.76,0
2026-01-07 06:45:00,Zone_2,11.38,13.35,18.17,113.88,77.89,4.47,102.03,110.88,8.28,11.25,81.02,16.38,0.78,101.7,113.22,11.52,100.33,0
2026-01-07 06:50:00,Zone_2,45.36,47.03,48.19,150.0,78.7,14.8,68.51,108.79,34.74,2.11,85.56,13.6,0.78,71.0,123.86,52.86,96.49,1
2026-01-07 06:55:00,Zone_1,50.24,52.13,52.2,150.0,99.32,21.21,71.05,89.39,17.0,3.93,51.93,17.27,0.6,74.2,120.9,46.7,95.76,1
2026-01-07 07:00:00,Zone_7,24.35,25.94,28.67,150.0,98.62,28.11,61.82,80.79,23.59,5.37,69.34,15.91,0.721,61.73,133.73,72.0,100.14,1
2026-01-07 07:05:00,Zone_5,39.11,39.75,50.73,150.0,90.5,25.83,83.42,97.79,11.72,2.63,57.44,13.18,0.642,86.32,98.7,12.38,96.63,1
2026-01-07 07:10:00,Zone_4,18.17,18.74,20.47,150.0,85.17,28.93,49.85,56.45,7.05,7.4,53.41,19.34,0.553,52.47,124.76,72.29,95.01,1
2026-01-07 07:15:00,Zone_3,9.45,9.74,11.65,104.99,61.88,24.94,43.97,88.2,12.42,14.78,81.72,6.26,0.748,77.25,38.22,0.0,56.92,0
2026-01-07 07:20:00,Zone_2,17.03,20.81,32.96,150.0,93.45,33.04,65.97,88.26,25.63,8.2,71.9,19.04,0.694,65.64,154.14,88.51,100.5,1
2026-01-07 07:25:00,Zone_7,33.41,35.33,39.48,150.0,95.92,32.34,75.08,96.14,12.32,11.39,55.81,9.82,0.633,84.3,72.61,0.0,89.06,1
2026-01-07 07:30:00,Zone_2,53.59,54.0,58.45,150.0,98.77,34.38,97.02,105.3,10.92,10.56,60.5,11.98,0.654,93.8,91.39,0.0,103.43,1
2026-01-07 07:35:00,Zone_3,25.81,26.2,29.1,150.0,104.52,25.08,45.24,135.95,12.17,12.9,93.33,5.09,0.758,119.4,44.99,0.0,37.89,0
2026-01-07 07:40:00,Zone_7,17.26,21.39,34.25,150.0,93.75,24.59,86.56,106.96,15.61,4.02,87.43,12.18,0.742,90.26,105.51,15.25,95.9,1
2026-01-07 07:45:00,Zone_7,11.46,14.18,18.26,132.55,101.51,22.04,70.12,128.95,41.97,11.55,89.0,13.39,0.766,74.83,105.8,30.97,93.71,1
2026-01-07 07:50:00,Zone_4,5.76,7.91,15.8,65.77,42.29,21.12,61.63,97.85,39.96,13.34,68.0,19.96,0.692,58.74,70.65,11.9,104.92,0
2026-01-07 07:55:00,Zone_4,9.88,10.93,15.13,54.15,46.29,14.56,61.81,104.56,13.39,3.4,76.19,19.58,0.763,90.56,62.93,0.0,68.26,0
2026-01-07 08:00:00,Zone_5,9.18,9.79,14.44,92.88,56.72,20.83,18.51,51.63,45.9,5.86,63.84,19.43,0.621,27.93,87.17,59.24,66.27,0
2026-01-07 08:05:00,Zone_5,11.9,19.67,20.87,71.07,79.12,19.1,20.34,57.66,30.54,14.58,48.89,8.92,0.574,40.05,28.32,0.0,50.78,0
2026-01-07 08:10:00,Zone_6,7.34,10.53,11.8,80.67,58.04,15.29,79.5,100.07,12.11,11.93,65.05,19.85,0.674,87.95,83.92,0.0,90.39,0
2026-01-07 08:15:00,Zone_8,8.03,8.75,14.09,74.48,68.03,5.19,42.16,82.59,2.93,4.96,74.7,10.74,0.696,80.17,43.28,0.0,52.58,0
2026-01-07 08:20:00,Zone_6,5.57,9.33,10.56,62.25,32.14,2.0,54.29,120.89,13.4,8.9,59.36,17.48,0.649,104.69,54.97,0.0,51.86,0
2026-01-07 08:25:00,Zone_1,4.6,7.44,10.34,49.73,26.96,2.0,22.4,96.6,33.7,6.66,87.4,6.68,0.806,64.05,20.82,0.0,34.97,0
2026-01-07 08:30:00,Zone_2,9.58,10.29,11.29,102.07,63.32,2.0,50.93,128.82,10.69,7.86,52.56,11.6,0.59,115.05,54.34,0.0,44.26,0
2026-01-07 08:35:00,Zone_5,5.69,6.8,12.74,61.3,69.52,2.0,63.31,137.37,41.72,5.97,63.36,19.42,0.677,80.05,62.66,0.0,79.09,0
2026-01-07 08:40:00,Zone_4,5.62,6.03,6.44,64.13,39.13,3.94,39.75,59.03,35.87,4.91,51.25,19.1,0.603,37.85,57.43,19.58,105.01,0
2026-01-07 08:45:00,Zone_3,47.24,47.47,53.67,150.0,87.62,8.27,68.24,82.51,15.07,10.45,65.24,14.62,0.642,70.08,109.48,39.41,97.38,1
2026-01-07 08:50:00,Zone_4,26.32,28.88,32.11,150.0,113.11,21.58,73.18,108.17,29.65,11.9,46.98,16.56,0.581,76.1,112.21,36.11,96.17,1
2026-01-07 08:55:00,Zone_2,28.52,29.14,29.87,150.0,98.21,25.12,43.37,74.02,33.81,13.24,58.63,6.0,0.657,48.99,45.97,0.0,88.53,0
2026-01-07 09:00:00,Zone_6,14.75,18.18,20.92,150.0,94.88,32.68,53.98,70.37,26.71,3.17,65.04,15.27,0.718,51.57,127.82,76.25,104.67,1
2026-01-07 09:05:00,Zone_4,6.69,17.55,18.71,78.53,43.72,27.96,48.15,122.31,56.4,12.52,68.91,13.51,0.744,53.32,61.37,8.05,90.29,0
2026-01-07 09:10:00,Zone_8,4.09,4.25,5.62,45.66,35.55,16.95,15.96,138.14,21.18,4.57,72.18,4.56,0.694,108.87,11.23,0.0,14.66,0
2026-01-07 09:15:00,Zone_1,5.55,6.83,8.35,64.64,54.77,7.43,15.4,118.51,35.97,6.98,58.75,4.92,0.625,75.88,15.47,0.0,20.3,0
2026-01-07 09:20:00,Zone_2,13.29,16.53,16.76,142.41,102.03,3.27,34.81,94.75,6.49,13.62,71.15,4.84,0.707,88.6,37.93,0.0,39.29,0
2026-01-07 09:25:00,Zone_6,8.23,11.34,26.27,96.97,57.28,2.0,74.27,87.04,15.88,7.36,70.45,15.31,0.686,73.22,79.23,6.01,101.44,0
2026-01-07 09:30:00,Zone_8,10.93,13.78,13.89,105.85,56.95,2.0,32.27,96.27,10.76,3.76,60.81,5.41,0.69,85.91,30.75,0.0,37.57,0
2026-01-07 09:35:00,Zone_3,4.9,5.75,9.56,58.37,0.0,2.0,40.3,88.97,5.94,3.24,86.51,10.95,0.786,83.69,39.06,0.0,48.16,0
2026-01-07 09:40:00,Zone_6,9.65,10.85,12.48,110.58,60.53,2.0,57.73,92.77,14.69,7.62,72.28,9.07,0.713,79.15,55.62,0.0,72.94,0
2026-01-07 09:45:00,Zone_7,12.03,13.84,17.47,104.54,63.49,2.0,53.26,64.33,16.28,11.68,61.61,12.36,0.677,53.85,68.07,14.21,98.9,0
2026-01-07 09:50:00,Zone_8,6.07,13.37,14.91,50.08,31.84,2.0,49.12,130.86,40.68,14.96,92.37,15.01,0.817,77.62,47.74,0.0,63.28,0
2026-01-07 09:55:00,Zone_8,2.81,3.6,7.52,32.32,17.76,2.0,33.35,116.68,39.33,12.02,87.26,14.64,0.795,70.79,29.27,0.0,47.12,0
2026-01-07 10:00:00,Zone_1,5.34,10.47,15.04,33.09,55.12,2.0,25.7,109.69,15.58,13.28,94.13,11.76,0.829,92.6,25.09,0.0,27.75,0
2026-01-07 10:05:00,Zone_2,4.48,5.11,9.21,41.55,32.9,3.92,28.64,135.24,18.35,11.47,79.61,10.89,0.744,110.42,26.18,0.0,25.94,0
2026-01-07 10:10:00,Zone_3,18.13,27.17,27.59,150.0,82.65,5.75,59.93,72.02,5.74,13.54,63.91,9.76,0.642,67.89,73.18,5.29,88.28,0
2026-01-07 10:15:00,Zone_1,11.68,13.9,17.64,123.64,88.23,13.52,23.16,52.71,57.04,2.07,59.04,17.65,0.698,22.64,118.49,95.85,102.3,1
2026-01-07 10:20:00,Zone_6,8.84,10.09,11.24,85.51,60.28,10.14,48.5,123.48,36.21,14.02,78.17,8.62,0.714,78.78,40.93,0.0,61.57,0
2026-01-07 10:25:00,Zone_1,12.93,14.83,14.94,64.54,29.35,3.75,26.99,139.85,12.59,6.55,94.04,7.41,0.87,122.25,32.35,0.0,22.08,0
2026-01-07 10:30:00,Zone_8,3.66,4.3,6.18,39.2,28.95,2.0,41.38,99.95,10.49,13.9,76.34,15.64,0.742,89.46,35.37,0.0,46.25,0
2026-01-07 10:35:00,Zone_2,6.24,6.88,8.87,57.32,43.62,2.0,33.76,50.59,26.4,2.06,89.08,9.12,0.777,37.23,31.59,0.0,90.67,0
2026-01-07 10:40:00,Zone_5,13.04,13.28,15.48,145.37,106.79,8.66,64.15,119.14,40.7,11.01,61.46,17.4,0.674,70.65,132.58,61.93,90.79,1
2026-01-07 10:45:00,Zone_1,9.22,9.46,13.73,109.88,50.11,11.06,35.33,52.01,30.93,11.3,65.35,8.57,0.7,35.92,51.31,15.39,98.34,0
2026-01-07 10:50:00,Zone_7,4.65,5.5,6.8,55.53,43.87,2.65,56.23,96.3,17.2,14.96,90.31,14.93,0.853,79.74,55.02,0.0,70.52,0
2026-01-07 10:55:00,Zone_1,6.0,8.87,10.2,69.66,62.2,2.32,17.52,71.37,6.55,11.76,82.84,3.77,0.725,66.69,14.79,0.0,26.28,0
2026-01-07 11:00:00,Zone_6,5.18,7.06,7.27,43.34,50.83,2.0,24.98,131.93,30.19,6.36,94.07,9.55,0.816,92.1,26.29,0.0,27.12,0
2026-01-07 11:05:00,Zone_6,6.71,6.93,10.99,65.49,27.85,3.65,38.54,87.88,44.97,8.8,83.74,8.83,0.81,48.36,36.45,0.0,79.69,0
2026-01-07 11:10:00,Zone_3,7.78,11.61,14.54,78.87,49.51,2.4,77.64,130.35,29.88,6.13,67.43,16.88,0.71,91.4,73.48,0.0,84.94,0
2026-01-07 11:15:00,Zone_6,3.46,5.3,6.8,40.93,26.02,2.0,47.36,73.41,5.17,3.74,71.55,19.44,0.722,69.62,44.7,0.0,68.03,0
2026-01-07 11:20:00,Zone_4,39.04,45.52,49.79,150.0,105.61,16.11,60.18,81.8,29.4,4.48,90.03,10.83,0.844,57.75,106.75,49.0,104.2,1
2026-01-07 11:25:00,Zone_2,33.11,35.32,38.02,150.0,95.52,11.85,117.21,134.98,10.38,4.11,72.58,17.02,0.708,120.97,140.51,19.54,96.9,0
2026-01-07 11:30:00,Zone_2,58.61,58.99,61.21,150.0,88.92,29.95,56.61,64.12,13.19,8.68,57.77,14.89,0.567,55.67,98.51,42.84,101.69,1
2026-01-07 11:35:00,Zone_5,28.81,30.09,32.6,150.0,100.11,31.16,94.34,99.96,10.74,13.69,66.78,19.45,0.673,89.22,152.66,63.44,105.73,1
2026-01-07 11:40:00,Zone_5,16.79,18.88,22.42,150.0,93.45,35.04,68.78,81.91,10.27,13.78,70.82,16.79,0.764,73.49,149.73,76.24,93.59,1
2026-01-07 11:45:00,Zone_2,9.1,9.16,12.94,81.65,59.82,26.06,17.94,118.55,33.72,1.77,49.84,4.32,0.608,78.57,16.67,0.0,22.83,0
2026-01-07 11:50:00,Zone_7,19.71,19.74,20.94,150.0,87.79,33.73,35.84,57.28,30.2,2.12,82.19,15.13,0.736,39.98,129.82,89.84,89.63,1
2026-01-07 11:55:00,Zone_5,12.15,12.43,12.96,110.68,59.68,35.57,70.69,86.54,2.39,4.43,50.47,12.1,0.642,84.47,66.93,0.0,83.69,0
2026-01-07 12:00:00,Zone_3,5.96,6.54,7.14,62.61,56.48,25.85,5.27,111.4,23.16,4.57,65.25,3.28,0.702,85.6,11.2,0.0,6.16,0
2026-01-07 12:05:00,Zone_6,7.39,8.52,12.09,49.19,59.25,22.27,20.02,83.67,13.04,2.33,85.23,7.27,0.781,72.76,21.72,0.0,27.51,0
2026-01-07 12:10:00,Zone_2,2.53,3.86,11.08,25.36,38.35,17.16,33.05,50.56,27.81,6.44,68.38,18.67,0.709,36.5,26.13,0.0,90.54,0
2026-01-07 12:15:00,Zone_8,3.13,3.43,5.27,31.63,19.7,13.07,33.33,111.99,19.63,9.23,87.1,18.74,0.755,90.0,34.82,0.0,37.03,0
2026-01-07 12:20:00,Zone_5,1.34,3.58,4.23,15.12,22.49,5.95,12.49,92.8,25.33,9.09,62.09,16.58,0.65,69.3,12.67,0.0,18.02,0
2026-01-07 12:25:00,Zone_2,8.91,10.72,15.67,78.35,42.69,12.61,40.23,46.07,19.19,8.61,92.88,19.69,0.812,37.23,97.49,60.25,108.04,0
2026-01-07 12:30:00,Zone_4,8.88,9.58,15.83,96.88,69.07,9.45,82.73,103.2,17.23,5.74,55.47,16.71,0.66,85.42,83.15,0.0,96.85,0
2026-01-07 12:35:00,Zone_1,4.1,4.13,11.57,44.54,21.95,2.0,0.15,132.39,10.57,10.89,46.91,3.17,0.568,118.39,6.25,0.0,0.13,0
2026-01-07 12:40:00,Zone_6,17.27,17.43,20.69,150.0,112.58,14.17,38.85,55.55,22.74,12.57,88.62,7.89,0.792,42.91,72.96,30.05,90.52,1
2026-01-07 12:45:00,Zone_2,11.83,12.82,19.72,100.23,78.63,12.05,26.08,101.11,24.23,5.85,82.61,3.52,0.806,76.61,22.13,0.0,34.04,0
2026-01-07 12:50:00,Zone_1,7.5,7.84,7.89,57.73,62.43,4.78,19.05,114.22,5.22,2.2,56.6,4.6,0.709,108.26,14.64,0.0,17.6,0
2026-01-07 12:55:00,Zone_5,5.7,6.65,7.04,53.89,32.28,2.0,16.38,51.72,31.87,5.15,94.24,6.72,0.795,35.24,22.4,0.0,46.47,0
2026-01-07 13:00:00,Zone_1,4.1,6.08,6.42,31.97,39.73,2.0,17.41,47.15,23.58,2.92,70.11,11.56,0.705,36.03,20.26,0.0,48.32,0
2026-01-07 13:05:00,Zone_6,4.72,6.3,10.67,45.04,35.36,2.0,44.79,89.1,37.28,7.54,92.55,17.41,0.768,55.88,46.81,0.0,80.16,0
2026-01-07 13:10:00,Zone_2,4.92,5.45,5.7,50.14,33.5,2.0,47.11,120.16,10.03,3.18,70.25,17.65,0.701,108.11,48.25,0.0,43.57,0
2026-01-07 13:15:00,Zone_4,5.67,6.52,8.92,23.61,19.39,2.0,14.15,60.27,19.59,7.48,68.59,13.48,0.684,48.46,16.93,0.0,29.19,0
2026-01-07 13:20:00,Zone_7,7.72,9.62,11.86,90.17,78.99,2.0,92.68,124.48,24.29,4.09,67.46,18.78,0.725,94.24,95.46,1.22,98.34,0
2026-01-07 13:25:00,Zone_5,19.89,23.83,25.13,150.0,95.92,5.12,71.2,107.37,30.71,11.34,61.74,11.5,0.624,74.4,83.66,9.26,95.69,0
2026-01-07 13:30:00,Zone_2,42.04,44.84,52.0,150.0,96.53,16.46,55.46,76.56,24.36,1.39,71.69,18.11,0.669,57.91,141.4,83.5,95.78,1
2026-01-07 13:35:00,Zone_6,35.89,37.5,38.16,150.0,72.71,15.25,68.65,94.0,21.79,8.77,67.63,10.72,0.734,73.52,91.76,18.24,93.38,0
2026-01-07 13:40:00,Zone_5,21.1,22.0,23.53,150.0,95.74,12.01,53.21,136.73,41.23,3.37,46.84,7.71,0.565,80.35,50.86,0.0,66.22,0
2026-01-07 13:45:00,Zone_3,12.82,13.72,18.93,140.62,94.58,21.86,34.75,65.56,39.43,1.01,58.02,18.58,0.646,39.71,131.28,91.57,87.52,1
2026-01-07 13:50:00,Zone_1,5.98,10.22,10.32,69.1,35.77,17.67,34.0,92.46,23.6,13.17,55.66,9.59,0.637,70.64,32.86,0.0,48.14,0
2026-01-07 13:55:00,Zone_7,6.04,6.12,10.03,59.47,26.56,7.49,44.08,104.33,24.6,10.4,88.37,11.56,0.768,78.66,41.07,0.0,56.04,0
2026-01-07 14:00:00,Zone_6,14.82,23.67,29.6,150.0,75.29,7.87,51.99,58.11,19.2,2.39,74.94,8.59,0.701,46.95,70.27,23.32,110.72,1
2026-01-07 14:05:00,Zone_3,12.46,14.64,24.07,145.86,87.79,8.24,40.79,49.13,18.42,10.3,83.18,14.27,0.8,40.09,129.45,89.37,101.75,1
2026-01-07 14:10:00,Zone_8,6.78,9.06,16.38,80.1,69.12,10.15,39.86,46.28,13.61,9.56,92.84,19.92,0.835,39.98,103.54,63.56,99.7,0
2026-01-07 14:15:00,Zone_2,7.28,7.36,8.7,61.47,22.18,8.5,7.0,75.85,14.51,7.63,77.2,3.43,0.736,64.84,12.08,0.0,10.8,0
2026-01-07 14:20:00,Zone_4,17.66,19.52,22.61,150.0,106.97,29.12,33.48,52.02,42.99,6.87,94.13,18.3,0.817,29.66,174.31,144.65,112.9,1
2026-01-07 14:25:00,Zone_5,55.85,57.17,57.45,150.0,108.05,26.18,24.13,121.36,16.64,13.42,60.59,3.07,0.662,101.16,23.7,0.0,23.85,0
2026-01-07 14:30:00,Zone_1,31.32,31.55,32.59,150.0,126.93,19.5,68.81,139.75,2.14,4.43,54.31,9.19,0.633,136.75,67.89,0.0,50.32,0
2026-01-07 14:35:00,Zone_5,16.47,17.12,17.46,150.0,109.96,17.62,47.13,50.82,7.76,6.58,65.17,5.87,0.714,46.88,48.84,1.96,100.53,1
2026-01-07 14:40:00,Zone_7,11.88,16.3,17.62,131.09,96.66,24.45,54.06,86.11,36.34,5.61,68.54,15.87,0.692,54.82,112.01,57.2,98.63,1
2026-01-07 14:45:00,Zone_2,14.49,16.09,23.37,150.0,101.91,26.22,36.6,47.44,12.5,11.8,89.77,3.86,0.812,41.51,36.58,0.0,88.17,1
2026-01-07 14:50:00,Zone_5,7.01,8.08,9.57,75.66,49.19,21.49,52.69,57.73,4.47,13.83,73.0,12.41,0.737,55.15,53.78,0.0,95.53,0
2026-01-07 14:55:00,Zone_1,11.37,11.52,14.41,118.09,86.98,16.98,51.5,75.68,29.63,12.9,59.61,8.01,0.67,53.26,49.32,0.0,96.71,0
2026-01-07 15:00:00,Zone_2,7.11,9.62,11.61,73.08,62.49,7.52,19.6,82.4,11.64,12.17,82.13,5.27,0.804,72.81,24.1,0.0,26.92,0
2026-01-07 15:05:00,Zone_5,6.16,8.59,10.74,39.86,27.96,2.17,30.48,134.28,26.96,14.82,70.29,16.12,0.701,98.08,35.04,0.0,31.07,0
2026-01-07 15:10:00,Zone_4,7.66,9.56,21.78,54.48,50.91,5.66,14.44,82.6,22.23,10.76,53.11,6.7,0.599,64.24,16.98,0.0,22.48,0
2026-01-07 15:15:00,Zone_6,3.51,4.94,6.17,38.8,59.82,4.64,18.29,92.15,12.51,11.51,73.84,6.8,0.708,80.62,14.54,0.0,22.69,0
2026-01-07 15:20:00,Zone_2,3.57,4.71,8.16,40.22,26.99,2.0,21.08,68.33,4.08,14.76,90.57,7.68,0.822,65.54,19.74,0.0,32.16,0
2026-01-07 15:25:00,Zone_6,6.41,8.21,10.12,59.02,39.55,2.0,40.98,45.01,2.79,1.1,87.13,12.98,0.782,43.76,46.6,2.85,93.65,0
2026-01-07 15:30:00,Zone_8,19.39,19.92,20.14,150.0,96.39,2.0,94.78,130.44,23.97,9.88,74.34,14.21,0.79,99.17,131.06,31.89,95.58,0
2026-01-07 15:35:00,Zone_2,9.5,15.17,17.52,113.68,75.5,2.0,19.3,52.76,40.4,11.35,63.85,3.3,0.67,31.45,19.53,0.0,61.36,0
2026-01-07 15:40:00,Zone_4,8.2,9.98,15.85,58.87,52.95,2.0,19.7,136.6,63.32,13.85,49.35,7.11,0.568,50.11,18.5,0.0,39.32,0
2026-01-07 15:45:00,Zone_6,6.56,7.3,7.67,74.04,49.17,2.0,42.92,57.43,31.0,13.37,68.48,10.33,0.702,39.63,41.75,2.12,108.3,0
2026-01-07 15:50:00,Zone_3,12.33,13.53,13.78,100.33,67.49,2.0,60.74,102.46,16.45,12.79,82.6,8.64,0.809,85.61,54.58,0.0,70.95,0
2026-01-07 15:55:00,Zone_1,11.67,14.95,15.53,117.32,73.26,3.52,86.05,139.94,36.98,14.24,63.01,18.03,0.641,88.19,105.39,17.2,97.57,0
2026-01-07 16:00:00,Zone_3,8.36,8.72,13.78,74.49,54.28,2.96,61.78,58.15,3.18,8.52,56.77,16.39,0.609,56.3,57.79,1.48,109.73,0
2026-01-07 16:05:00,Zone_5,3.42,4.11,8.61,36.94,17.97,2.0,31.68,85.27,38.63,1.1,91.57,13.64,0.802,52.33,31.44,0.0,60.54,0
2026-01-07 16:10:00,Zone_4,5.86,8.14,11.05,65.53,27.88,2.0,34.83,119.14,6.65,1.15,86.08,8.75,0.761,111.22,33.93,0.0,31.32,0
2026-01-07 16:15:00,Zone_3,21.22,21.98,24.19,150.0,102.87,9.24,47.39,48.06,5.6,8.62,76.91,14.91,0.694,45.36,120.74,75.38,104.47,1
2026-01-07 16:20:00,Zone_2,49.53,52.67,60.35,150.0,121.25,15.49,90.09,110.53,19.94,7.09,51.84,17.34,0.563,88.49,113.9,25.41,101.81,1
2026-01-07 16:25:00,Zone_5,29.9,30.18,35.27,150.0,94.02,16.57,46.74,52.64,18.55,7.32,52.25,13.11,0.618,42.87,94.57,51.7,109.02,1
2026-01-07 16:30:00,Zone_5,21.98,24.86,30.71,150.0,85.01,21.45,57.67,67.47,6.95,6.61,50.16,16.34,0.622,62.78,118.59,55.81,91.86,1
2026-01-07 16:35:00,Zone_3,11.0,11.14,17.01,128.86,106.75,34.88,19.99,60.21,66.75,13.85,75.81,15.73,0.708,20.02,111.66,91.64,99.83,1
2026-01-07 16:40:00,Zone_8,18.93,18.96,22.56,150.0,98.05,29.32,93.07,131.2,13.91,6.03,50.78,12.72,0.602,112.94,89.3,0.0,82.4,1
2026-01-07 16:45:00,Zone_3,11.66,16.23,18.37,111.95,84.1,24.64,46.23,62.14,18.83,12.99,87.13,8.31,0.791,50.44,57.23,6.79,91.65,0
2026-01-07 16:50:00,Zone_8,5.39,7.13,14.13,61.41,31.17,20.96,30.83,48.84,23.85,13.64,94.65,15.68,0.79,37.19,59.17,21.98,82.9,0
2026-01-07 16:55:00,Zone_4,17.24,18.11,27.22,150.0,97.62,18.9,48.17,100.82,16.25,7.99,63.32,6.52,0.692,84.44,52.63,0.0,57.05,0
2026-01-07 17:00:00,Zone_1,9.53,10.06,10.15,96.51,79.54,16.62,69.41,77.89,8.58,7.26,67.68,16.25,0.695,71.2,84.76,13.56,97.49,0
2026-01-07 17:05:00,Zone_3,10.7,12.62,12.81,61.31,41.42,12.29,65.18,83.54,27.8,11.65,80.58,16.68,0.769,60.32,61.13,0.82,108.05,0
2026-01-07 17:10:00,Zone_7,4.27,5.69,16.85,44.02,30.33,6.81,43.7,56.31,10.84,10.91,91.86,16.98,0.83,50.2,48.23,0.0,87.04,0
2026-01-07 17:15:00,Zone_8,9.01,18.57,19.7,105.81,50.91,2.88,75.66,116.08,28.81,5.6,89.7,11.04,0.871,82.64,79.16,0.0,91.55,0
2026-01-07 17:20:00,Zone_3,7.13,15.3,22.54,70.34,55.17,2.0,17.66,102.15,16.91,2.44,47.88,6.27,0.559,84.88,19.17,0.0,20.81,0
2026-01-07 17:25:00,Zone_6,7.65,9.66,11.38,49.12,22.5,2.0,7.61,79.6,21.87,4.71,53.45,4.7,0.59,62.19,10.59,0.0,12.24,0
2026-01-07 17:30:00,Zone_2,5.71,6.88,7.33,40.95,40.05,4.4,34.46,61.3,36.77,2.83,82.73,15.64,0.814,38.76,40.55,1.79,88.91,0
2026-01-07 17:35:00,Zone_7,14.62,15.97,16.26,150.0,99.93,16.32,23.69,101.38,70.0,5.13,79.44,18.07,0.767,30.41,161.62,131.21,77.89,1
2026-01-07 17:40:00,Zone_7,12.86,15.16,15.75,147.56,99.41,5.95,96.94,118.97,1.19,4.67,51.66,14.06,0.61,117.55,98.52,0.0,82.46,0
2026-01-07 17:45:00,Zone_8,11.46,11.68,12.69,123.53,89.56,8.04,41.81,74.68,26.29,9.93,70.1,5.45,0.686,55.05,35.93,0.0,75.96,0
2026-01-07 17:50:00,Zone_6,18.68,19.47,21.82,150.0,102.0,23.69,42.13,47.46,12.99,14.36,84.04,18.89,0.763,41.29,168.24,126.95,102.03,1
2026-01-07 17:55:00,Zone_6,15.68,15.84,20.07,150.0,118.12,29.46,47.64,65.36,31.13,10.6,55.94,19.81,0.623,45.01,144.09,99.08,105.84,1
2026-01-07 18:00:00,Zone_5,10.79,10.94,25.98,106.24,87.77,25.39,62.26,109.83,17.63,13.97,88.56,10.37,0.748,90.46,64.07,0.0,68.83,0
2026-01-07 18:05:00,Zone_8,10.77,11.21,13.24,68.87,30.16,18.58,40.84,138.96,19.3,11.98,47.65,13.11,0.617,112.14,43.37,0.0,36.42,0
2026-01-07 18:10:00,Zone_1,12.97,14.3,16.86,150.0,95.45,35.07,36.12,46.27,23.79,11.19,84.11,16.21,0.71,35.26,134.34,99.08,102.44,1
2026-01-07 18:15:00,Zone_2,6.96,10.03,12.62,83.21,64.12,28.86,60.29,74.08,17.31,6.8,75.79,15.52,0.703,61.26,70.65,9.39,98.41,0
2026-01-07 18:20:00,Zone_4,4.42,5.75,8.46,38.81,13.92,26.59,37.46,50.89,4.27,5.55,60.76,19.45,0.641,48.72,37.63,0.0,76.9,0
2026-01-07 18:25:00,Zone_7,10.79,11.61,14.16,107.45,51.03,16.89,38.96,75.05,8.66,12.85,81.05,4.95,0.82,68.55,33.92,0.0,56.82,0
2026-01-07 18:30:00,Zone_4,9.95,10.13,10.16,91.32,50.24,18.76,54.77,83.56,30.16,13.68,84.12,12.87,0.768,58.36,70.18,11.82,93.86,0
2026-01-07 18:35:00,Zone_3,11.88,13.48,13.48,138.68,88.76,16.57,108.98,132.48,13.88,7.33,91.69,14.76,0.818,114.09,130.25,16.16,95.52,0
2026-01-07 18:40:00,Zone_3,7.6,8.24,8.6,85.78,6.98,23.73,37.06,52.65,33.13,1.13,63.39,18.13,0.641,35.21,77.5,42.29,105.26,0
2026-01-07 18:45:00,Zone_4,5.7,7.61,7.99,55.52,22.72,18.5,61.74,118.83,5.49,12.1,79.3,17.86,0.773,112.3,59.59,0.0,54.98,0
2026-01-07 18:50:00,Zone_3,4.95,12.51,16.78,52.13,12.55,14.06,54.52,82.58,28.75,4.99,75.13,19.63,0.814,58.83,64.8,5.96,92.68,0
2026-01-07 18:55:00,Zone_1,10.64,10.88,11.68,92.27,73.74,5.45,60.81,122.07,27.34,1.14,71.26,11.71,0.721,88.7,60.57,0.0,68.56,0
2026-01-07 19:00:00,Zone_6,9.75,10.23,18.11,105.48,79.74,2.7,78.07,93.77,9.19,12.27,89.52,17.12,0.788,85.15,110.63,25.48,91.68,0
2026-01-07 19:05:00,Zone_3,6.57,7.86,17.09,49.96,35.82,2.0,21.43,48.73,6.17,8.24,45.16,10.26,0.515,45.72,20.53,0.0,46.86,0
2026-01-07 19:10:00,Zone_5,4.33,11.25,24.29,36.29,24.79,2.0,17.74,134.89,19.9,10.59,59.11,10.18,0.666,108.04,19.14,0.0,16.42,0
2026-01-07 19:15:00,Zone_3,9.5,12.45,22.25,87.29,63.28,3.22,29.64,52.86,41.35,13.81,71.91,7.31,0.68,31.0,33.73,2.74,95.62,0
2026-01-07 19:20:00,Zone_2,20.9,25.47,26.58,150.0,85.52,4.72,82.92,101.78,13.44,8.58,53.91,16.91,0.597,88.1,117.76,29.65,94.12,0
2026-01-07 19:25:00,Zone_1,16.08,16.89,19.39,150.0,112.53,17.32,69.0,128.38,48.01,8.04,90.39,19.76,0.83,66.75,191.31,124.56,103.37,1
2026-01-07 19:30:00,Zone_2,15.84,25.51,26.18,150.0,98.62,18.24,27.54,52.58,48.08,5.07,77.38,7.36,0.723,27.3,62.04,34.74,100.88,1
2026-01-07 19:35:00,Zone_2,8.75,8.96,14.71,90.76,70.0,6.95,22.29,97.62,8.42,5.27,68.89,3.95,0.692,89.4,19.31,0.0,24.93,0
2026-01-07 19:40:00,Zone_5,4.94,5.04,12.72,54.9,46.2,2.0,57.37,123.31,17.21,12.15,85.74,16.86,0.801,102.09,57.69,0.0,56.2,0
2026-01-07 19:45:00,Zone_1,4.74,8.61,15.28,45.22,35.8,2.0,35.32,138.7,24.37,7.29,67.54,13.54,0.667,104.89,31.75,0.0,33.67,0
2026-01-07 19:50:00,Zone_1,4.27,9.51,11.5,44.37,32.6,2.0,39.46,113.81,16.98,3.29,72.93,19.31,0.676,94.49,45.06,0.0,41.76,0
2026-01-07 19:55:00,Zone_8,37.81,38.0,42.98,150.0,100.36,3.21,50.15,71.44,12.32,2.32,45.14,7.29,0.59,62.64,50.13,0.0,80.06,0
2026-01-07 20:00:00,Zone_1,22.78,23.02,23.38,150.0,96.74,8.15,37.41,111.46,49.17,7.62,63.29,4.21,0.689,56.66,33.82,0.0,66.03,0
2026-01-07 20:05:00,Zone_1,9.42,9.49,9.63,109.92,77.24,7.4,51.65,112.05,26.39,7.51,51.94,11.37,0.592,82.48,57.59,0.0,62.61,0
2026-01-07 20:10:00,Zone_1,6.44,6.67,11.56,49.47,34.63,2.0,12.87,111.5,4.99,10.15,79.48,4.45,0.729,105.94,12.48,0.0,12.15,0
2026-01-07 20:15:00,Zone_5,8.44,8.91,10.84,26.61,11.45,2.0,11.93,126.15,45.87,7.59,68.95,7.45,0.662,68.28,10.2,0.0,17.48,0
2026-01-07 20:20:00,Zone_3,2.92,9.94,28.89,34.67,29.85,3.73,8.16,53.3,8.71,3.01,60.09,5.14,0.672,48.66,9.31,0.0,16.77,0
2026-01-07 20:25:00,Zone_8,3.44,5.64,6.0,19.61,16.11,2.0,10.77,55.3,16.23,8.11,68.39,6.81,0.75,46.33,7.79,0.0,23.25,0
2026-01-07 20:30:00,Zone_2,19.43,22.44,29.21,150.0,112.02,2.0,39.75,105.86,4.42,13.7,55.48,4.8,0.655,101.18,36.73,0.0,39.29,0
2026-01-07 20:35:00,Zone_1,10.12,13.11,15.4,120.69,56.72,4.0,108.42,135.62,17.03,3.23,91.25,19.22,0.804,112.53,144.95,32.42,96.35,0
2026-01-07 20:40:00,Zone_7,11.32,12.85,19.0,126.59,82.72,4.53,45.3,89.25,25.47,10.66,47.7,7.74,0.61,66.53,46.46,0.0,68.09,0
2026-01-07 20:45:00,Zone_3,10.64,13.84,19.78,78.45,42.29,2.55,45.83,136.25,24.76,9.31,88.27,10.55,0.766,102.52,49.32,0.0,44.7,0
2026-01-07 20:50:00,Zone_3,10.22,12.04,20.71,122.48,73.4,2.0,100.86,134.12,23.99,11.48,70.57,18.28,0.714,101.94,124.29,22.35,98.93,0
2026-01-07 20:55:00,Zone_2,6.42,7.18,8.42,61.13,46.45,2.0,48.72,130.78,48.35,3.11,75.95,14.51,0.697,67.55,48.11,0.0,72.13,0
2026-01-07 21:00:00,Zone_5,8.24,9.88,20.36,86.32,38.88,2.21,58.68,131.44,30.05,14.18,60.13,13.51,0.647,91.94,58.67,0.0,63.82,0
2026-01-07 21:05:00,Zone_4,8.57,10.09,10.67,65.61,44.24,2.0,65.26,130.34,11.13,9.69,93.33,14.99,0.849,115.83,64.96,0.0,56.34,0
2026-01-07 21:10:00,Zone_4,4.79,8.26,8.56,55.89,36.69,2.0,47.19,122.89,19.76,12.86,59.09,17.09,0.67,98.6,49.76,0.0,47.85,0
2026-01-07 21:15:00,Zone_3,8.8,16.81,18.79,85.05,42.68,2.0,83.35,111.02,7.19,4.45,74.44,17.92,0.739,103.04,87.64,0.0,80.89,0
2026-01-07 21:20:00,Zone_6,11.38,12.44,18.6,116.01,77.3,15.17,41.47,47.32,13.44,11.35,94.67,13.92,0.836,40.96,105.02,64.06,101.25,1
2026-01-07 21:25:00,Zone_6,12.71,15.6,17.84,132.67,77.1,30.13,49.58,57.56,11.07,11.93,89.05,18.13,0.773,51.19,144.65,93.46,96.84,1
2026-01-07 21:30:00,Zone_2,10.05,10.26,16.45,69.25,71.39,24.6,41.45,57.75,21.3,6.56,71.82,12.1,0.713,45.45,46.5,1.05,91.19,0
2026-01-07 21:35:00,Zone_4,10.25,13.25,17.83,91.84,74.12,21.29,35.77,47.24,18.02,6.38,94.52,7.71,0.846,38.72,46.62,7.9,92.38,0
2026-01-07 21:40:00,Zone_3,3.56,4.49,5.31,41.97,28.09,15.95,33.11,56.09,44.78,10.21,80.07,17.96,0.743,30.97,43.57,12.59,106.9,0
2026-01-07 21:45:00,Zone_5,4.54,4.62,15.03,43.05,22.8,9.25,27.97,132.38,25.04,2.31,55.44,12.21,0.621,99.23,25.38,0.0,28.18,0
2026-01-07 21:50:00,Zone_4,2.69,3.6,3.82,23.19,21.12,2.0,23.97,108.06,5.35,11.3,65.28,18.4,0.662,102.28,21.98,0.0,23.44,0
2026-01-07 21:55:00,Zone_3,7.72,9.61,17.61,86.01,65.12,2.0,15.89,74.65,43.1,1.6,61.72,3.68,0.65,42.48,16.02,0.0,37.42,0
2026-01-07 22:00:00,Zone_3,9.05,9.31,10.58,97.85,66.65,2.0,45.32,120.37,34.6,3.67,62.2,9.76,0.638,78.72,47.36,0.0,57.56,0
2026-01-07 22:05:00,Zone_1,6.82,11.97,14.4,73.06,35.3,2.0,82.85,91.4,11.93,10.3,83.02,19.11,0.766,80.49,83.17,2.68,102.93,0
2026-01-07 22:10:00,Zone_5,5.31,5.47,7.39,53.55,32.29,2.0,20.49,58.5,48.41,2.38,74.21,7.24,0.711,30.18,21.46,0.0,67.9,0
2026-01-07 22:15:00,Zone_1,14.68,20.0,20.66,106.35,70.07,2.74,85.76,129.03,17.64,14.61,46.9,19.01,0.54,106.27,84.94,0.0,80.7,0
2026-01-07 22:20:00,Zone_2,6.07,8.53,10.08,71.19,49.75,2.0,64.21,77.17,11.72,13.16,88.87,19.22,0.872,68.13,92.82,24.69,94.25,0
2026-01-07 22:25:00,Zone_1,6.96,7.76,8.51,37.57,28.18,2.0,31.79,111.39,24.89,9.77,59.84,18.0,0.618,83.66,32.5,0.0,38.0,0
2026-01-07 22:30:00,Zone_7,35.22,36.21,37.01,150.0,106.27,6.37,59.84,72.61,4.66,12.47,94.85,12.58,0.82,69.22,120.4,51.18,86.44,1
2026-01-07 22:35:00,Zone_1,17.96,20.66,21.39,150.0,113.6,9.14,72.69,92.51,17.73,13.43,92.71,14.0,0.815,76.1,133.16,57.06,95.52,1
